attendance,day,p_nr,p_id,notes,consent_checkbox_1,consent_checkbox_2,consent_checkbox_3,consent_checkbox_4,consent_checkbox_5,consent_checkbox_6,age,vision,hearing,naive,base_ios_john,base_ios_allen,base_ios_anna,base_pd1,base_pd2,base_ec1,base_ec2,base_pd3,base_ec3,base_pd4,base_ec4,base_pd5,base_pd6,base_ec5,base_pd7,base_ec6,base_pd8,open4,open8,open12,exercise_stren,exercise_moderate,exercise_mild,income,education,base_tpb8,base_tpb9,base_tpb4,base_nam5,base_tpb2,base_tpb12,base_tpb10,base_nam2,base_nam3,base_nam10,base_nam12,base_nam4,base_tpb3,base_tpb7,base_nam9,base_nam1,base_tpb1,base_tpb5,base_nam7,base_tpb6,base_nam8,base_tpb11,base_nam6,base_nam11,base_tpb13,base_tpb14,base_tpb15,open1,open6,open11,iri2,iri4,iri6,iri9,iri10,iri13,iri14,iri17,iri18,iri19,iri20,iri22,iri24,iri27,exercise_sweat,omsi,familiarity,liking,motivation1,motivation2,motivation4,motivation5,relationship2,identity1,experience-1,politics,motivation_other,relationship-1,identity-1,motivation3,identity5,identity3,experience1,identity-9,identity2,experience2,experience-9,relationship1,experience3,identity4,NA_count.pre,check_toofast_base,flyer,perfo_emotion1,perfo_emotion2,perfo_emotion3,perfo_emotion4,perfo_emotion5,perfo_emotion6,perfo_describe1,perfo_describe2,perfo_describe3,perfo_describe4,perfo_describe5,perfo_describe6,perfo_describe7,perfo_describe8,perfo_describe9,perfo_describe10,perfo_enjoy,perfo_interest,perfo_moved,perfo_insight,perfo_concentration,perfo_chills,perfo_tears,perfo_reengage,perfo_duration,perfo_understand_john,perfo_understand_allen,perfo_ios_john,perfo_ios_allen,perfo_ios_anna,perfo_ios_inperson,perfo_ios_remote,perfo_pd1,perfo_pd2,perfo_ec1,perfo_ec2,perfo_pd3,perfo_ec3,perfo_pd4,perfo_ec4,perfo_pd5,perfo_pd6,perfo_ec5,perfo_pd7,perfo_ec6,perfo_pd8,perfo_nam2,perfo_nam3,perfo_nam4,perfo_nam1,perfo_tpb13,perfo_tpb14,perfo_tpb15,docu_emotion1,docu_emotion2,docu_emotion3,docu_emotion4,docu_emotion5,docu_emotion6,docu_enjoy,docu_interest,docu_moved,docu_insight,docu_concentration,docu_chills,docu_tears,docu_reengage,docu_duration,docu_understand_john,docu_understand_allen,docu_understand_anna,docu_ios_john,docu_ios_allen,docu_ios_anna,docu_ios_inperson,docu_ios_remote,docu_pd1,docu_pd2,docu_ec1,docu_ec2,docu_pd3,docu_ec3,country,priorknowledge,docu_pd4,docu_ec4,docu_pd5,docu_pd6,docu_ec5,docu_pd7,docu_ec6,docu_pd8,docu_nam2,docu_nam3,docu_nam4,docu_nam1,docu_tpb13,docu_tpb14,docu_tpb15,final_tpb8,final_tpb9,final_tpb4,final_nam5,final_tpb2,final_tpb12,final_tpb10,final_nam10,final_nam12,final_tpb3,final_tpb7,final_nam9,final_tpb1,final_tpb5,final_nam7,final_tpb6,final_nam8,final_tpb11,final_nam6,final_nam11,orderpreference,caffeine,speaker,video_quality,video_fluency,camera_frame,sound_quality,base_emotion1,base_emotion2,base_emotion3,base_emotion4,base_emotion5,base_emotion6,base_ios_inperson,base_ios_remote,mailing,NA_count.event,time1,time2,time3,check_toofast1,check_tooslow1,check_toofast2,check_tooslow2,check_toofast3,check_tooslow3,donation_click,post_donation,donation_amount,order
in-person,0,01,sub-in001,NA,1,1,1,1,1,1,61,1,1,1,1,2,1,4,5,7,6,5,1,3,6,5,1,5,1,5,3,5,5,5,0,3,3,-9,6,1,5,6,4,6,4,5,4,5,4,3,3,6,2,4,3,4,2,3,5,4,3,3,5,2,4,4,1,2,2,4,1,5,5,4,2,2,4,1,3,5,4,2,2,2,2,5,6,NA,2,4,NA,1,1,1,5,I love Dr. Fink,NA,NA,NA,NA,NA,NA,NA,NA,NA,NA,NA,NA,NA,18,FALSE,1,2,1,4,4,3,1,Creative,Interesting,Thought provoking,Intelligent,Socially relevant,Multi-sensory,NA,NA,NA,NA,7,7,4,4,7,1,1,6,4,1,1,1,2,1,2,1,3,5,6,5,5,1,3,6,3,3,5,2,6,2,5,4,4,5,1,4,2,2,2,4,4,3,1,6,6,3,3,6,1,1,3,5,1,1,1,1,2,1,2,1,4,5,7,5,4,1,NA,2,2,7,2,3,4,2,6,3,5,4,5,5,2,4,3,2,6,7,4,6,4,5,5,2,6,4,3,5,4,3,5,4,4,3,6,-1,-9,NA,NA,NA,NA,NA,2,2,4,3,4,1,2,1,-1,9,5.511433333333334,5.2096833333333334,5.470183333333333,FALSE,FALSE,FALSE,FALSE,FALSE,FALSE,NA,0,NA,film-perfo
in-person,0,02,sub-in002,"pre-survey incomplete, might have filled out after the event started",1,1,1,1,1,NA,23,1,1,1,1,1,1,1,2,6,3,NA,4,1,3,1,1,2,2,2,2,NA,NA,NA,NA,NA,NA,-9,-9,5,4,6,6,7,2,1,6,3,5,4,5,6,2,4,6,7,2,5,3,4,4,5,4,2,4,4,NA,NA,NA,NA,NA,NA,NA,NA,NA,NA,NA,NA,NA,NA,NA,NA,NA,NA,NA,1,-9,NA,NA,4,5,NA,NA,NA,NA,NA,NA,NA,NA,NA,NA,NA,NA,NA,NA,NA,NA,NA,NA,49,NA,1,2,1,3,2,1,1,Immersive,Real,Poetic,Metaphorical,Percussion,Unique instruments,Room of imagination,Blank space,Educational,Social awareness,5,7,4,3,4,2,1,6,4,2,2,5,5,5,6,4,1,2,7,3,1,4,1,3,1,1,2,1,5,3,7,2,5,7,4,4,4,3,2,2,1,2,3,3,5,2,3,3,1,1,2,7,3,5,1,NA,NA,NA,NA,NA,NA,NA,NA,NA,NA,NA,NA,1,NA,NA,NA,NA,NA,NA,NA,NA,NA,NA,NA,NA,NA,NA,NA,2,4,7,6,6,4,4,5,4,6,2,5,6,2,5,3,5,4,5,5,1,-9,NA,NA,NA,NA,NA,4,2,1,1,3,3,3,2,-9,5,98.29006666666666,2.7795666666666667,4.3586,FALSE,TRUE,FALSE,FALSE,FALSE,FALSE,NA,NA,NA,film-perfo
in-person,0,03,sub-in003,Replaced tablet at ckpt_15,1,1,1,1,1,1,38,1,1,1,1,1,1,7,7,7,7,7,7,7,7,7,7,7,7,7,7,5,5,5,0,6,4,3,5,4,7,7,4,7,5,4,6,2,4,4,2,6,4,5,4,6,5,5,6,6,5,3,5,7,5,3,5,1,1,5,1,2,5,2,4,1,2,1,4,5,5,2,1,3,2,1,6,NA,NA,4,5,1,1,1,6,NA,NA,NA,NA,NA,NA,NA,NA,NA,NA,NA,NA,NA,NA,18,FALSE,1,2,1,4,2,4,1,Inspiring,Stimulating,Intruguing,Captivating,Triggering,Felt like watching celebrities perform after seeing the film,NA,NA,NA,NA,7,7,7,7,7,5,1,7,5,1,1,5,5,4,5,1,5,7,7,5,6,3,5,7,6,3,3,4,6,4,7,2,2,6,6,6,4,3,2,4,3,3,1,6,7,4,4,6,5,1,5,6,1,1,1,5,5,6,3,1,4,6,5,5,5,2,NA,1,1,7,6,5,5,5,3,6,5,2,2,6,5,4,2,2,5,7,5,7,5,3,3,5,7,4,6,6,2,6,4,5,7,6,5,1,6,NA,NA,NA,NA,NA,3,1,4,3,3,1,1,1,1,9,0.3902,2.9893666666666667,2.6618666666666666,NA,NA,NA,NA,NA,NA,NA,0,NA,film-perfo
in-person,0,04,sub-in004,"during intermission: ""recording failed""",1,1,1,1,NA,NA,25,1,1,1,2,2,1,5,6,5,4,6,3,6,5,5,5,2,4,4,4,5,5,5,4,3,7,1,5,7,7,7,6,7,5,7,7,1,6,6,7,7,7,7,7,7,7,7,7,7,5,7,7,4,7,4,1,1,1,5,2,1,5,1,2,1,2,1,4,5,3,1,1,2,2,3,5,NA,2,4,NA,1,NA,NA,7,NA,NA,NA,3,NA,1,1,NA,1,NA,NA,NA,NA,NA,18,FALSE,1,2,1,3,2,3,1,Powerful,Moving,Intense,Transformative,Important,NA,NA,NA,NA,NA,7,7,6,5,7,4,1,7,4,1,1,4,4,5,3,2,5,7,7,3,6,3,5,7,6,5,3,4,6,4,7,1,7,7,1,5,3,3,2,3,3,3,1,5,5,4,4,6,4,1,4,4,1,1,1,3,3,3,3,2,5,7,7,4,6,2,NA,1,4,5,6,6,2,4,4,6,7,1,5,7,1,5,2,7,6,7,6,7,6,5,5,4,7,7,5,7,7,7,7,6,3,7,6,1,-9,NA,NA,NA,NA,NA,3,1,3,3,3,1,5,2,-1,11,3.2436833333333333,2.6253333333333333,2.7337,FALSE,FALSE,FALSE,FALSE,FALSE,FALSE,NA,0,NA,film-perfo
in-person,0,05,sub-in005,NA,1,1,1,1,1,1,26,1,1,1,1,1,4,1,2,3,2,2,1,1,3,5,2,1,6,3,3,4,4,3,0,1,7,-9,6,4,3,7,7,7,5,3,5,5,6,4,3,5,4,4,6,5,3,3,7,2,4,5,4,1,3,3,5,4,2,3,2,4,4,3,2,2,3,2,2,4,3,2,2,1,3,1,-9,NA,2,4,5,1,NA,1,3,NA,NA,NA,NA,1,NA,NA,NA,NA,NA,NA,NA,NA,NA,18,FALSE,1,3,2,1,1,2,2,Moving,Intense,Eye openning,NA,NA,NA,NA,NA,NA,NA,4,3,5,4,6,5,1,2,5,3,3,2,2,3,5,3,1,3,6,4,3,2,2,5,3,3,3,2,5,5,2,2,3,6,2,5,2,3,2,2,2,1,2,4,3,5,4,5,3,1,2,5,1,1,1,2,2,3,3,2,2,2,6,3,2,2,NA,1,5,6,3,5,3,4,5,6,4,3,2,6,3,6,3,5,5,7,5,5,3,3,3,2,5,3,3,6,3,4,6,3,4,4,2,1,4,NA,NA,NA,NA,NA,2,1,3,3,1,1,7,4,-1,13,5.7218333333333335,3.044783333333333,5.106466666666667,FALSE,FALSE,FALSE,FALSE,FALSE,FALSE,NA,0,NA,film-perfo
in-person,0,06,sub-in006,NA,1,1,1,1,1,1,26,1,1,1,2,2,3,1,5,6,6,2,3,3,7,6,5,3,3,6,3,5,5,4,0,3,7,-9,6,6,5,7,5,6,4,4,6,5,4,4,6,6,6,4,6,6,4,5,6,4,3,5,5,4,6,5,2,1,1,3,2,4,4,5,2,3,5,2,4,2,2,2,2,1,4,1,-9,1,2,4,5,NA,1,1,6,NA,1,NA,NA,1,NA,NA,NA,NA,NA,NA,NA,NA,NA,16,FALSE,1,2,2,3,3,1,2,Moving,Eye opening,Insightful,Genius,Detailed,Creative,Warm,Hypnotizing,NA,NA,6,7,6,5,7,4,1,4,4,1,1,6,6,6,3,2,3,6,7,6,4,6,4,7,4,4,5,4,6,4,7,5,5,7,5,7,5,2,3,2,3,4,3,5,6,6,6,6,1,1,3,5,2,3,1,5,5,6,3,2,6,6,7,6,4,5,NA,1,5,7,5,5,4,4,5,4,7,5,5,7,5,7,5,5,4,7,5,6,4,4,6,4,7,4,5,6,4,4,6,4,2,4,5,1,4,NA,NA,NA,NA,NA,2,1,3,3,2,2,5,2,1,8,5.7734,2.661016666666667,2.92595,FALSE,FALSE,FALSE,FALSE,FALSE,FALSE,NA,0,NA,film-perfo
in-person,0,07,sub-in007,NA,1,1,1,1,1,1,19,1,1,1,1,1,1,4,4,5,3,2,1,2,3,5,5,2,6,4,4,5,4,4,2,3,7,1,2,5,4,6,5,7,4,3,7,3,4,5,6,6,4,4,5,5,4,5,5,4,2,4,2,5,5,4,1,2,2,5,2,3,4,4,3,2,3,2,4,4,4,2,2,2,4,5,5,1,2,4,NA,NA,1,1,4,NA,1,NA,3,1,NA,NA,NA,NA,NA,NA,NA,NA,NA,16,FALSE,0,2,2,1,1,3,3,Powerful,Emotional,Chills,NA,NA,NA,NA,NA,NA,NA,7,7,7,6,7,7,5,7,4,3,3,2,2,2,4,1,5,5,5,5,4,3,3,3,5,2,3,5,5,4,7,1,7,7,5,5,4,3,1,2,2,2,2,6,5,6,7,4,5,1,4,5,3,3,3,1,1,1,4,1,5,5,6,6,2,1,NA,2,2,2,4,2,2,6,6,5,7,2,6,6,4,5,4,4,4,7,6,7,5,5,5,6,7,5,4,6,5,7,7,5,4,6,5,1,10,NA,NA,NA,NA,NA,2,1,3,3,2,1,4,1,-1,13,2.8477166666666665,1.5958,2.03515,FALSE,FALSE,FALSE,FALSE,FALSE,FALSE,NA,0,NA,film-perfo
in-person,0,08,sub-in008,pre-survey incomplete,1,1,1,1,1,NA,57,1,1,1,1,1,1,4,2,6,1,3,1,2,6,5,2,1,3,4,4,NA,NA,NA,NA,NA,NA,-9,-9,1,4,7,5,6,4,4,6,3,5,4,5,7,6,4,7,7,5,5,7,3,1,4,5,4,4,4,NA,NA,NA,NA,NA,NA,NA,NA,NA,NA,NA,NA,NA,NA,NA,NA,NA,NA,NA,1,-9,NA,NA,4,5,NA,NA,NA,NA,Lauren rocks,NA,NA,3,NA,NA,NA,NA,NA,NA,NA,NA,NA,NA,46,NA,1,1,3,4,1,4,3,Moving,Impactful,Thoughtful,Careful,Compassionate,Strong,NA,NA,NA,NA,7,7,6,3,7,1,2,5,4,1,1,5,5,4,4,1,6,6,7,1,5,3,5,7,5,6,1,7,7,5,7,1,6,6,2,2,6,2,3,4,1,3,2,5,6,5,6,7,2,7,6,5,1,1,1,3,4,5,4,1,7,5,6,4,7,4,NA,1,5,7,7,6,4,7,7,7,7,1,6,6,3,4,7,4,5,7,5,7,3,5,5,3,7,6,6,6,5,7,5,6,5,7,4,1,5,NA,NA,NA,NA,NA,4,4,3,1,3,4,1,1,-1,10,2.702733333333333,2.2340166666666668,2.729,FALSE,FALSE,FALSE,FALSE,FALSE,FALSE,NA,0,NA,film-perfo
in-person,0,09,sub-in009,"after doc said ""failed to record""",1,1,1,1,1,NA,20,1,1,1,1,1,1,3,2,2,2,2,2,2,2,2,2,2,2,2,2,3,2,2,1,1,1,1,2,3,2,2,3,3,3,2,4,4,4,3,3,2,4,3,4,3,2,2,4,3,4,3,2,1,2,4,2,2,2,3,2,2,2,2,3,2,3,4,3,3,2,2,3,1,2,1,-9,1,2,NA,5,NA,NA,1,4,NA,1,NA,NA,1,1,NA,NA,NA,NA,NA,NA,NA,NA,17,FALSE,1,3,3,2,2,3,2,Mesmerizing,NA,NA,NA,NA,NA,NA,NA,NA,NA,5,5,3,3,5,2,1,3,5,4,4,1,1,1,2,1,4,2,2,2,2,2,2,2,2,2,2,3,2,2,4,4,3,4,1,3,4,3,3,2,2,2,2,3,3,2,4,2,1,1,2,5,4,4,4,1,1,1,3,1,3,2,2,2,2,2,NA,1,2,2,2,2,2,2,2,2,4,4,3,4,1,3,4,3,3,3,3,3,3,3,3,3,3,3,3,3,3,4,3,3,4,3,3,1,-9,NA,NA,NA,NA,NA,3,2,2,2,1,1,3,1,-1,15,2.57615,1.7713333333333334,1.4087666666666667,FALSE,FALSE,FALSE,FALSE,FALSE,FALSE,NA,NA,NA,film-perfo
in-person,0,10,sub-in010,pre-survey incomplete,1,1,1,1,1,1,19,1,1,1,3,2,3,2,3,4,4,3,4,2,4,4,3,4,2,4,2,NA,NA,NA,NA,NA,NA,-9,-9,6,6,6,5,7,5,5,6,3,5,4,6,7,4,5,6,6,5,5,6,6,6,4,6,4,5,4,NA,NA,NA,NA,NA,NA,NA,NA,NA,NA,NA,NA,NA,NA,NA,NA,NA,NA,NA,2,4,NA,NA,4,5,NA,NA,NA,NA,NA,NA,NA,NA,NA,NA,NA,NA,NA,NA,NA,NA,NA,NA,47,NA,1,3,1,2,2,2,1,Abstract,NA,NA,NA,NA,NA,NA,NA,NA,NA,2,4,2,2,4,1,1,4,5,3,3,2,2,3,3,3,3,3,4,4,2,2,2,4,2,2,2,2,4,4,4,3,6,6,4,4,4,3,2,2,2,2,2,2,3,3,3,4,2,1,2,5,2,2,2,2,2,3,3,3,2,2,4,4,2,2,NA,1,2,4,2,2,4,2,3,2,5,3,6,6,2,4,4,6,6,6,4,6,4,4,4,4,6,5,5,5,5,4,6,4,4,4,4,-1,-9,NA,NA,NA,NA,NA,2,2,2,2,3,1,3,3,-1,15,2.2801,1.8098166666666666,1.6375666666666666,FALSE,FALSE,FALSE,FALSE,FALSE,FALSE,NA,NA,NA,film-perfo
in-person,0,11,sub-in011,NA,1,1,1,1,1,1,82,1,-1,1,1,1,1,1,1,1,1,1,1,1,1,1,1,1,1,1,1,5,2,2,3,4,0,-9,-9,6,5,7,5,6,6,5,7,2,6,4,2,6,7,4,7,7,5,6,6,6,4,5,6,2,4,4,1,1,2,4,2,5,4,4,2,5,5,1,2,5,4,4,3,3,3,2,-9,1,NA,NA,NA,NA,1,1,6,NA,1,NA,NA,NA,NA,NA,NA,NA,NA,NA,NA,NA,NA,20,NA,0,4,3,2,1,2,3,Powerful,Shocking,Long,NA,NA,NA,NA,NA,NA,NA,5,5,5,5,5,1,1,1,6,1,1,2,2,3,1,1,5,5,5,4,4,3,5,5,5,5,4,5,5,5,7,1,4,6,2,4,5,4,1,1,1,3,1,6,5,6,5,5,1,2,3,5,1,1,1,2,2,3,2,1,5,6,6,4,6,3,NA,1,6,5,6,5,4,4,6,6,7,2,5,6,2,4,5,5,5,6,5,6,5,6,5,4,5,6,5,5,6,3,5,4,3,4,5,1,9,NA,NA,NA,NA,NA,2,1,3,2,3,1,3,1,-1,14,7.463766666666666,5.026316666666666,4.880583333333333,FALSE,FALSE,FALSE,FALSE,FALSE,FALSE,NA,NA,NA,film-perfo
in-person,0,12,sub-in012,NA,1,1,1,1,1,1,19,1,1,1,1,1,1,1,4,5,4,6,1,1,3,5,1,2,1,5,1,5,5,5,9,0,0,-9,2,5,5,6,2,6,2,4,7,3,4,2,2,6,7,2,5,7,2,2,7,3,2,3,5,1,3,1,1,2,3,4,5,5,4,5,4,1,4,3,4,4,1,2,2,3,4,2,-9,NA,NA,4,NA,NA,NA,1,5,NA,1,NA,NA,NA,1,NA,NA,NA,NA,NA,NA,NA,NA,20,NA,0,3,1,3,2,1,1,Powerful,Interesting,Masterful,Thought provoking,NA,NA,NA,NA,NA,NA,5,6,2,3,3,1,1,3,4,1,1,2,2,3,7,1,1,3,5,4,5,3,5,2,4,3,1,5,3,1,5,3,1,6,1,3,1,3,1,2,3,1,1,2,4,1,5,3,1,1,3,5,1,1,1,1,2,4,7,1,1,5,5,3,5,3,NA,1,4,2,5,3,1,5,5,4,5,2,1,5,1,4,1,6,4,6,3,6,2,6,4,2,4,4,2,7,6,4,6,4,6,2,3,1,-9,NA,NA,NA,NA,NA,1,2,3,4,2,1,7,1,-1,12,4.3304,2.8599666666666668,3.0012,FALSE,FALSE,FALSE,FALSE,FALSE,FALSE,NA,NA,NA,film-perfo
in-person,0,13,sub-in013,NA,1,1,1,1,1,NA,20,1,1,1,1,1,3,7,7,7,7,7,7,7,7,7,7,7,7,7,7,5,5,4,0,0,4,1,2,7,6,7,5,7,6,7,7,2,6,6,6,7,4,5,7,7,7,6,7,6,4,4,5,4,7,7,1,1,1,5,1,4,4,3,3,1,4,1,2,5,5,1,1,2,2,1,-9,1,NA,NA,NA,1,1,NA,7,friend is doing the study,NA,NA,NA,NA,1,NA,NA,NA,NA,1,NA,NA,NA,19,FALSE,0,4,3,1,2,1,3,Powerful,Unique,Nevcessary,NA,NA,NA,NA,NA,NA,NA,4,4,5,4,3,1,1,1,7,6,5,2,2,2,4,2,7,7,7,7,7,1,7,7,7,7,7,7,7,7,7,1,6,7,4,6,4,4,3,2,1,1,1,2,2,4,2,2,1,1,1,7,5,5,7,2,2,2,6,2,5,7,7,7,7,1,NA,1,6,7,5,6,3,7,5,7,7,1,6,6,1,6,4,7,6,7,5,7,7,6,6,5,5,5,5,6,7,6,7,4,4,4,6,1,-9,NA,NA,NA,NA,NA,2,1,3,2,2,1,6,3,-1,13,2.6715166666666668,1.97345,1.9305666666666668,FALSE,FALSE,FALSE,FALSE,FALSE,FALSE,NA,0,NA,film-perfo
in-person,0,14,sub-in014,message: recording failed,1,1,1,1,1,NA,39,1,1,1,2,2,1,2,3,4,2,4,1,3,3,3,4,1,2,1,4,5,4,4,1,5,14,3,7,6,5,7,5,7,6,7,6,3,6,5,2,7,5,5,7,6,2,4,7,6,4,3,6,7,4,4,2,2,2,4,2,2,4,2,3,2,2,2,3,3,3,2,1,2,4,6,6,1,2,4,NA,1,NA,1,6,NA,NA,1,3,NA,NA,NA,NA,NA,NA,NA,NA,NA,NA,17,FALSE,1,2,3,2,2,3,3,Moving,Powerful,Affective,Complex,Multifaceted,Drumming,Percussion,Sound,Righteous,Visceral,6,6,7,5,6,2,3,5,4,2,2,5,5,3,5,4,5,6,6,5,6,4,5,6,5,5,5,4,6,5,7,2,5,6,6,6,6,2,2,3,2,2,3,7,7,6,6,6,2,3,5,5,2,2,2,6,5,4,5,4,3,5,6,6,5,5,NA,2,4,6,6,5,4,3,6,4,6,2,4,7,5,4,6,6,5,6,5,7,5,6,6,6,7,6,6,7,2,4,6,6,5,6,6,1,8,NA,NA,NA,NA,NA,3,1,3,3,2,1,4,2,1,5,4.831766666666667,2.8961666666666668,3.85615,FALSE,FALSE,FALSE,FALSE,FALSE,FALSE,NA,1,100,film-perfo
in-person,0,15,sub-in015,NA,1,1,1,1,1,1,46,1,1,1,1,1,1,1,5,6,5,2,3,4,7,5,5,4,4,5,5,4,3,1,0,6,1,4,5,4,5,7,4,7,6,4,7,4,5,4,7,7,4,5,5,6,3,4,5,5,4,7,4,3,5,3,4,4,2,3,3,3,4,5,4,2,4,1,2,4,3,4,2,1,2,1,-9,1,NA,4,5,NA,1,1,4,NA,1,NA,3,NA,NA,NA,NA,NA,NA,NA,NA,NA,NA,17,FALSE,0,1,2,3,3,4,1,Makes you think,Liberating,How can you fix justice,I cannot imagine people living listening those sounds for decades,NA,NA,NA,NA,NA,NA,6,6,7,7,5,7,1,7,4,1,1,3,3,3,1,NA,4,7,7,7,7,5,4,7,5,7,4,4,6,6,7,2,7,7,7,7,5,3,3,1,2,2,2,4,5,7,5,7,6,1,4,5,1,1,1,2,2,3,2,NA,3,7,7,7,7,6,NA,1,5,6,6,2,3,5,4,2,7,2,6,7,5,6,4,1,7,7,7,7,5,6,5,5,7,5,6,6,4,7,7,7,3,7,5,1,12,NA,NA,NA,NA,NA,1,2,4,2,4,1,1,1,1,14,6.537,4.37435,4.089833333333333,FALSE,FALSE,FALSE,FALSE,FALSE,FALSE,NA,0,NA,film-perfo
in-person,0,16,sub-in016,NA,1,1,1,1,1,NA,21,1,1,1,1,1,1,3,5,6,6,3,5,2,6,4,2,3,3,5,3,5,5,5,0,5,0,1,2,1,4,7,5,6,4,3,5,3,5,5,5,7,3,5,6,6,3,5,4,6,5,5,5,4,6,5,1,1,1,4,3,4,4,4,2,2,3,2,2,4,4,4,4,2,5,1,-9,1,NA,4,NA,NA,NA,1,6,NA,1,NA,NA,NA,NA,NA,1,NA,NA,NA,NA,NA,NA,20,FALSE,1,2,3,2,1,2,3,Powerful,Tense,Rhythmic,Bringing awareness,Artistry,NA,NA,NA,NA,NA,7,7,7,6,5,5,4,6,4,1,1,3,4,3,4,2,4,6,7,7,4,6,4,7,6,4,6,6,6,4,6,2,5,7,4,7,5,2,2,2,2,3,3,3,6,5,6,4,3,2,6,5,1,1,1,3,4,3,3,2,4,6,6,6,4,6,NA,1,5,6,6,4,6,5,6,4,5,2,5,7,5,6,5,4,5,7,5,5,4,4,5,5,7,3,4,6,3,5,5,6,7,6,5,1,-9,NA,NA,NA,NA,NA,2,2,3,2,2,2,1,1,1,11,3.9499666666666666,2.8702666666666667,2.3606,FALSE,FALSE,FALSE,FALSE,FALSE,FALSE,NA,NA,NA,film-perfo
in-person,0,17,sub-in017,NA,1,1,1,1,1,1,41,1,1,1,1,1,1,2,3,3,3,3,2,2,3,2,2,3,2,2,3,5,4,4,2,4,7,2,5,5,6,7,5,6,5,5,6,2,5,4,5,7,6,4,6,6,5,5,5,4,5,4,5,7,7,6,1,2,1,4,2,1,4,1,5,2,1,2,5,4,4,1,1,2,4,7,7,1,2,4,5,NA,1,1,7,NA,1,NA,3,NA,1,NA,NA,1,NA,NA,NA,NA,NA,14,FALSE,1,2,2,3,3,2,1,Moving,Captivating,Thoughtful,Complex,Abstract,Informative,NA,NA,NA,NA,7,6,6,6,6,6,1,7,4,2,2,3,3,2,3,3,2,4,4,5,3,5,2,6,3,1,3,2,6,2,7,1,5,7,7,6,6,2,2,1,3,3,2,6,6,5,6,6,5,1,6,4,2,2,2,2,3,3,2,2,1,3,5,5,3,5,NA,2,3,5,2,1,4,1,5,2,7,2,6,7,6,6,6,5,6,7,5,6,6,6,6,5,7,6,5,7,5,6,5,6,3,5,6,1,10,NA,NA,NA,NA,NA,1,1,3,3,4,1,2,1,1,10,6.7106,4.919783333333333,3.0809,FALSE,FALSE,FALSE,FALSE,FALSE,FALSE,NA,1,10,film-perfo
in-person,0,18,sub-in018,NA,1,1,1,1,1,1,48,1,1,1,1,1,1,3,3,5,5,5,5,4,6,5,5,5,4,5,5,5,4,4,2,5,3,4,5,6,6,7,6,7,6,5,6,3,5,5,5,7,6,6,6,6,6,5,5,5,5,5,6,5,5,5,4,4,2,4,2,3,4,3,3,1,2,2,4,4,4,2,2,2,2,5,6,1,NA,4,NA,NA,1,1,6,NA,1,NA,3,NA,1,NA,NA,NA,NA,NA,NA,NA,NA,17,FALSE,1,2,3,3,3,3,2,Embodied,Thoughtful,Expressive,Impactful,Sad,Eye-opening,Thought provoking,NA,NA,NA,5,5,4,5,5,4,2,5,5,1,1,4,4,5,5,3,5,5,5,5,5,5,4,6,5,5,4,5,5,4,6,2,5,7,5,5,5,2,2,2,2,3,2,5,5,5,4,4,4,3,5,5,1,1,1,4,3,4,5,4,6,6,6,6,7,5,NA,1,5,7,5,6,5,4,5,5,7,2,6,7,6,5,3,6,6,7,6,7,6,5,5,4,6,6,6,6,6,5,6,6,5,5,5,-1,6,NA,NA,NA,NA,NA,2,1,3,3,3,1,3,1,-9,9,6.397383333333333,3.1920166666666665,3.43435,FALSE,FALSE,FALSE,FALSE,FALSE,FALSE,NA,NA,NA,film-perfo
in-person,0,19,sub-in019,NA,1,1,1,1,1,1,28,1,1,1,2,3,3,1,2,2,2,2,2,2,2,3,1,1,1,1,1,2,4,4,0,3,2,-9,5,3,4,7,4,4,4,4,4,3,3,4,4,4,4,4,4,6,4,4,3,4,4,4,4,2,2,2,3,4,3,4,2,3,4,3,4,4,3,3,3,3,3,2,2,2,2,2,-9,1,NA,4,NA,NA,NA,1,4,NA,1,NA,NA,NA,NA,NA,1,NA,NA,NA,NA,NA,NA,19,FALSE,1,2,1,3,3,1,1,A unique way to present,Interesting,Simple and informative,NA,NA,NA,NA,NA,NA,NA,5,5,3,4,5,2,1,2,4,2,2,1,1,1,1,1,1,2,3,2,1,2,1,1,1,1,2,1,2,1,4,4,4,4,4,3,4,2,1,2,2,1,1,4,5,3,3,5,2,1,2,5,3,3,2,2,2,2,1,1,1,2,3,3,1,2,NA,1,1,2,2,1,2,2,2,1,4,4,4,4,4,3,4,1,4,7,4,4,4,4,4,4,4,2,2,4,1,4,4,4,4,2,4,1,10,NA,NA,NA,NA,NA,2,1,3,3,2,1,1,1,-1,13,5.298883333333333,3.3337,3.574666666666667,FALSE,FALSE,FALSE,FALSE,FALSE,FALSE,NA,1,10,film-perfo
in-person,0,20,sub-in020,watch on dominant hand,1,1,1,1,1,1,72,1,1,1,1,1,1,4,4,5,4,5,4,5,5,4,4,5,5,5,6,5,4,5,0,2,5,-9,5,2,6,7,5,5,5,6,4,5,5,5,6,7,5,4,6,5,2,5,3,4,3,5,4,4,5,4,1,1,1,5,1,1,4,3,4,1,2,1,4,4,4,1,1,1,2,2,2,NA,NA,NA,5,1,1,NA,5,NA,NA,NA,NA,NA,NA,1,NA,NA,NA,NA,NA,NA,NA,19,FALSE,1,4,1,2,3,1,1,Creative,Unusual,Very powerful,Musicality very good,Repetitive,Lulling,Powerful message,NA,NA,NA,5,6,3,6,5,1,1,3,6,3,3,3,3,4,3,1,3,5,5,5,4,2,3,5,3,5,5,4,5,3,5,2,7,7,4,6,4,1,1,3,3,2,1,4,4,4,6,2,2,1,1,5,1,2,1,2,3,3,2,1,1,4,5,5,4,2,NA,1,5,5,4,4,3,1,3,4,2,3,5,5,2,6,3,5,5,7,5,6,6,5,4,5,5,5,4,6,2,5,6,5,4,6,4,-1,7,NA,NA,NA,NA,NA,2,2,3,2,3,1,1,1,1,9,7.6061,5.627066666666667,4.930716666666667,FALSE,FALSE,FALSE,FALSE,FALSE,FALSE,NA,NA,NA,film-perfo
in-person,0,21,sub-in021,NA,1,1,1,NA,NA,1,56,1,1,1,6,6,2,2,3,4,3,2,2,3,5,4,2,2,2,5,1,1,1,5,5,3,10,4,4,3,2,6,4,5,5,6,4,2,5,4,5,7,6,3,5,7,4,4,3,4,3,4,5,4,4,4,1,1,1,4,2,3,5,5,3,1,3,1,3,3,3,2,2,3,6,7,7,1,NA,4,5,NA,NA,1,5,NA,1,1,NA,NA,NA,NA,NA,NA,NA,NA,NA,NA,NA,20,FALSE,1,3,1,3,3,3,1,Powerful,Intense,Intellectual,Percussive,Creative,Rhythmic,Just,Well planned,Moving,Triumphant,4,5,3,4,4,2,1,4,4,2,2,6,6,3,6,3,4,3,4,5,4,5,3,4,4,3,3,4,4,3,5,2,7,7,4,4,4,4,3,2,2,2,3,3,3,4,4,5,1,1,2,7,2,4,1,5,6,3,5,2,5,3,5,4,4,4,NA,2,5,4,4,3,2,2,4,2,5,1,7,7,4,5,5,7,3,7,5,5,5,5,6,4,5,6,5,6,7,6,6,5,3,5,7,1,4,NA,NA,NA,NA,NA,1,2,3,3,4,1,3,1,-1,5,9.225516666666667,4.999883333333333,6.95175,FALSE,FALSE,FALSE,FALSE,FALSE,FALSE,NA,0,NA,film-perfo
in-person,0,22,sub-in022,NA,1,1,1,1,1,1,22,1,1,1,1,2,1,3,4,5,5,1,5,1,5,4,4,5,1,2,2,5,5,5,4,5,2,1,2,5,6,6,2,4,2,1,7,1,4,2,5,7,1,4,7,6,1,1,1,3,5,1,1,1,2,1,2,1,1,5,1,3,5,3,2,2,4,1,3,5,5,3,1,3,2,1,3,1,NA,4,5,NA,1,NA,5,NA,1,NA,NA,NA,NA,1,NA,NA,NA,NA,NA,NA,NA,18,FALSE,0,3,3,3,4,1,2,Moving,Confusing,Powerful,Deep,Complex,Novel,Beautiful,Painful,Strong,Love,5,5,6,7,6,5,6,4,4,3,3,4,4,3,3,3,6,7,6,7,5,4,5,7,7,5,5,5,7,5,7,1,6,6,6,6,6,3,3,3,3,2,2,5,3,5,5,7,7,5,5,5,2,1,1,3,3,4,3,3,7,6,6,6,5,3,NA,1,6,7,6,7,4,6,7,6,6,2,6,7,5,4,6,4,6,7,7,5,5,5,4,5,7,5,5,6,5,6,7,7,7,4,7,1,11,NA,NA,NA,NA,NA,3,3,4,4,3,1,3,1,1,6,5.1257166666666665,2.3627166666666666,2.1939,FALSE,FALSE,FALSE,FALSE,FALSE,FALSE,NA,0,NA,film-perfo
in-person,0,23,sub-in023,NA,1,1,NA,NA,NA,NA,45,1,1,1,2,2,1,5,5,6,2,7,2,4,7,5,6,2,2,7,2,4,5,4,1,3,1,6,7,6,6,7,4,6,3,5,7,5,4,5,5,7,5,3,6,6,3,5,6,3,3,3,5,3,5,3,2,2,1,4,3,2,3,2,3,2,1,1,4,5,3,1,1,2,2,1,4,1,NA,4,NA,1,1,1,4,NA,NA,NA,NA,1,NA,NA,NA,NA,NA,NA,NA,NA,NA,22,FALSE,0,2,1,4,3,3,1,Interesting,Curious,Provocative,Mysterious,Thoughtful,NA,NA,NA,NA,NA,6,7,4,4,5,1,1,4,5,1,1,3,2,2,5,2,4,4,4,2,5,5,3,5,2,3,2,2,5,2,7,2,6,6,7,5,5,2,1,3,2,2,2,4,5,5,5,5,1,2,3,5,1,1,1,2,2,2,5,2,5,5,5,5,6,4,NA,1,4,6,4,4,5,6,4,3,7,2,6,6,6,5,5,5,6,7,5,5,5,5,5,5,6,6,5,5,4,5,6,5,3,4,5,0,1,NA,NA,NA,NA,NA,3,1,4,2,2,1,4,2,1,11,3.5751,3.0225166666666667,3.34485,FALSE,FALSE,FALSE,FALSE,FALSE,FALSE,NA,0,NA,film-perfo
in-person,0,24,sub-in024,NA,1,1,1,1,1,NA,22,1,1,1,1,1,3,3,3,6,3,3,2,3,3,3,3,2,2,2,2,4,5,5,5,6,7,1,2,2,4,7,4,7,4,5,4,5,5,4,3,6,5,4,4,6,2,7,5,4,3,5,4,4,4,4,4,5,2,4,5,5,5,5,1,2,4,1,4,4,3,2,1,3,3,3,-9,1,2,4,5,1,1,1,5,NA,NA,NA,NA,1,1,NA,NA,1,NA,NA,NA,NA,NA,15,FALSE,0,4,1,3,3,1,2,Wow,Interesting,Eye-opening,NA,NA,NA,NA,NA,NA,NA,7,7,2,5,5,1,1,4,5,3,4,1,1,6,5,4,5,2,7,3,3,2,2,3,3,3,2,2,2,3,5,4,5,5,4,5,4,4,3,3,1,1,2,3,6,4,6,3,1,1,3,7,4,4,1,1,1,6,4,3,3,1,7,4,4,4,NA,1,2,3,5,4,2,3,3,3,5,4,5,4,4,5,4,5,4,7,5,5,4,4,5,5,5,5,4,5,4,4,4,5,3,5,5,1,13,NA,NA,NA,NA,NA,4,2,3,2,1,2,3,2,-9,12,4.8627666666666665,2.191116666666667,2.58975,FALSE,FALSE,FALSE,FALSE,FALSE,FALSE,NA,0,NA,film-perfo
in-person,0,25,sub-in025,NA,1,1,1,1,1,NA,30,1,1,1,4,2,1,2,2,4,1,3,1,3,2,2,2,1,1,2,2,5,5,4,0,0,3,1,5,6,2,7,1,6,2,6,6,5,3,1,5,7,2,1,6,6,2,1,6,2,5,1,1,2,3,1,1,1,1,4,1,5,3,2,5,2,3,2,3,5,5,2,2,1,2,1,4,1,NA,4,5,1,NA,1,5,NA,NA,1,NA,NA,NA,NA,NA,NA,NA,NA,NA,NA,NA,19,FALSE,0,2,1,3,2,3,1,Captivating,Creative,Powerful,Thought-provoking,Interesting,NA,NA,NA,NA,NA,6,6,5,2,6,2,1,5,4,2,2,3,3,2,3,2,2,2,3,1,3,1,3,2,2,2,1,1,2,1,5,5,4,5,2,2,1,1,2,3,2,3,2,4,4,5,2,6,4,4,4,5,1,2,1,3,2,2,2,1,2,3,4,1,4,1,NA,1,4,2,4,2,1,2,2,1,5,5,4,5,1,2,1,3,1,7,2,5,2,6,2,1,7,3,1,6,1,2,6,1,3,1,1,0,5,NA,NA,NA,NA,NA,2,2,3,2,3,1,3,1,-1,11,5.2011666666666665,3.0147666666666666,3.132216666666667,FALSE,FALSE,FALSE,FALSE,FALSE,FALSE,NA,0,NA,film-perfo
in-person,0,26,sub-in026,aborted at intermission,1,1,1,1,1,NA,38,1,1,1,2,2,2,3,6,6,6,5,6,4,6,5,5,5,4,5,4,5,5,5,3,5,5,3,6,6,5,7,6,7,6,6,6,2,5,4,5,7,3,4,7,7,3,1,5,4,5,2,2,5,4,3,1,1,1,5,1,2,5,2,2,1,3,1,5,5,5,1,1,3,6,5,3,NA,NA,4,NA,NA,1,NA,6,NA,1,NA,NA,NA,1,1,NA,NA,NA,NA,NA,NA,NA,19,FALSE,0,NA,NA,NA,NA,NA,NA,NA,NA,NA,NA,NA,NA,NA,NA,NA,NA,NA,NA,NA,NA,NA,NA,NA,NA,NA,NA,NA,NA,NA,NA,NA,NA,NA,NA,NA,NA,NA,NA,NA,NA,NA,NA,NA,NA,NA,NA,NA,NA,NA,NA,NA,NA,NA,4,3,2,1,1,3,2,2,4,2,5,2,2,1,7,2,5,1,2,2,2,2,2,3,6,6,6,5,6,NA,1,5,7,6,6,6,4,6,6,6,2,7,6,2,5,2,NA,NA,NA,NA,NA,NA,NA,NA,NA,NA,NA,NA,NA,NA,NA,NA,NA,NA,NA,NA,NA,NA,NA,NA,NA,NA,NA,3,2,3,2,2,2,3,2,NA,104,7.530083333333334,NA,NA,FALSE,FALSE,NA,NA,NA,NA,NA,0,NA,film-perfo
in-person,0,27,sub-in027,NA,1,1,1,1,1,NA,20,1,1,1,1,1,1,1,1,5,1,1,1,1,1,1,1,1,1,1,1,5,4,3,0,3,4,1,2,5,2,7,4,6,3,2,5,1,3,5,5,6,6,6,7,7,2,2,2,3,6,2,2,2,4,4,2,2,2,5,3,4,4,4,3,2,5,1,4,4,5,2,2,2,1,1,-9,NA,NA,4,NA,1,1,NA,5,NA,NA,NA,NA,NA,1,1,NA,NA,NA,NA,NA,NA,NA,20,FALSE,1,2,2,2,2,3,3,Powerful,Tragic,Unjust,Moving,Talent,Emotional,Entertaining,Loud,Provoking,Chilling,7,7,7,6,7,6,2,6,3,1,2,3,4,1,1,1,5,5,7,4,5,2,5,7,6,5,2,3,7,6,7,1,6,7,5,6,4,3,3,1,1,3,4,6,4,6,5,6,4,1,3,6,2,3,2,1,1,1,1,1,4,4,7,3,5,2,NA,1,5,7,5,6,2,3,6,5,6,1,5,7,2,5,4,6,2,7,5,6,3,6,2,4,7,1,6,6,3,4,2,6,6,6,6,1,11,NA,NA,NA,NA,NA,3,3,1,1,2,4,1,1,1,6,4.104533333333333,2.3613333333333335,2.4772166666666666,FALSE,FALSE,FALSE,FALSE,FALSE,FALSE,NA,0,NA,film-perfo
in-person,0,28,sub-in028,pre-survey in a hurry,1,1,NA,NA,NA,NA,53,1,1,1,1,1,1,3,3,4,3,4,3,5,4,4,5,3,4,5,3,2,2,5,4,2,2,6,7,1,6,5,5,6,6,6,6,6,5,5,6,6,6,6,5,6,5,6,5,6,6,6,6,6,7,6,2,2,2,5,1,5,5,3,5,1,1,1,5,5,5,1,1,3,2,1,4,1,NA,4,NA,NA,1,1,3,NA,1,NA,3,NA,NA,NA,NA,NA,NA,NA,NA,NA,NA,21,NA,0,3,1,2,3,3,1,Moving,Interesting,Insightful,Touching,Emotional,Intellectual,Clever,Well done,Bold,Proactive,5,5,5,5,4,1,1,4,5,3,3,2,2,3,3,3,4,5,4,4,4,5,4,5,4,3,4,4,5,1,4,6,2,4,5,7,6,3,2,2,3,3,2,3,4,5,4,4,1,1,3,6,4,4,2,3,3,5,3,1,4,5,6,4,5,4,NA,1,4,5,5,5,2,3,5,3,4,6,4,4,5,7,5,5,6,6,6,6,6,6,5,5,6,6,6,6,6,6,6,6,2,5,5,1,10,NA,NA,NA,NA,NA,2,1,4,4,4,1,1,2,-9,6,5.962583333333333,2.8383833333333333,2.446633333333333,FALSE,FALSE,FALSE,FALSE,FALSE,FALSE,NA,0,NA,film-perfo
in-person,0,29,sub-in029,NA,1,1,1,1,1,1,22,1,1,1,4,2,4,7,7,7,5,7,4,5,6,5,6,4,6,7,5,5,5,5,1,2,2,2,5,5,4,7,5,6,4,4,7,3,5,5,7,7,5,5,7,7,3,4,5,5,2,4,5,7,7,7,1,1,1,4,1,1,4,2,1,1,2,1,4,4,4,2,2,2,2,2,-9,NA,2,4,NA,1,1,1,6,NA,NA,NA,3,NA,NA,NA,NA,NA,NA,NA,NA,NA,NA,18,FALSE,1,3,1,2,2,3,2,Moving,Intense,Loud,Interesting,NA,NA,NA,NA,NA,NA,5,5,6,6,6,3,1,3,4,3,3,5,5,3,5,3,7,6,6,4,6,2,6,5,6,7,3,6,7,5,7,2,7,6,6,6,6,3,2,2,2,3,3,4,5,5,6,5,2,1,4,5,2,2,2,3,3,5,5,4,7,7,6,4,6,2,NA,1,4,4,4,4,2,5,6,5,7,2,7,6,6,6,6,6,4,7,5,5,4,5,5,5,7,3,5,6,3,6,5,5,3,4,6,1,-9,NA,NA,NA,NA,NA,2,2,4,3,3,1,5,2,1,12,3.605783333333333,2.1397,1.8552166666666667,FALSE,FALSE,FALSE,FALSE,FALSE,FALSE,NA,0,NA,film-perfo
in-person,0,30,sub-in030,replaced tablet at ckpt_11,1,1,1,1,1,1,60,1,1,1,1,1,1,5,4,5,3,2,4,5,5,4,4,1,1,2,4,3,4,2,1,7,2,-9,5,6,6,5,2,5,4,4,2,4,4,4,5,5,6,4,4,4,6,4,3,4,2,2,2,3,4,3,4,4,3,4,3,4,4,3,2,2,4,2,3,4,4,2,2,3,2,1,-9,NA,NA,4,NA,1,1,1,5,NA,NA,NA,NA,NA,NA,NA,NA,NA,NA,NA,NA,NA,NA,19,FALSE,1,2,1,3,3,3,1,Amazing,Informative,Encoraging,Eye opener,Reminder of true or false,Engaging,Entertaning,Able to think before answering to cops,Use of music was amazing,Noise related to memory,6,5,6,5,6,5,4,5,4,5,5,4,4,4,5,3,5,5,6,6,5,6,4,6,6,5,5,6,6,6,4,4,6,6,2,4,2,2,1,3,4,3,1,5,5,6,5,6,4,1,5,4,5,4,4,3,4,4,5,3,1,2,5,4,4,5,NA,1,3,5,5,4,3,5,5,4,4,5,6,5,4,4,4,6,4,6,4,6,4,5,4,4,6,6,4,4,4,4,2,4,4,4,4,1,-9,NA,NA,NA,NA,NA,2,1,3,3,4,1,2,4,-1,6,4.356366666666666,4.3822,3.7015833333333332,NA,NA,NA,NA,NA,NA,NA,0,NA,film-perfo
in-person,0,31,sub-in031,no eyetracking data,1,1,1,1,1,NA,27,1,1,1,3,2,2,4,5,7,4,6,4,4,5,5,4,4,4,4,5,5,4,4,1,3,2,1,2,7,7,7,7,7,5,5,7,2,3,6,7,7,7,7,7,7,7,6,7,5,7,7,5,5,7,5,1,1,2,5,2,1,5,2,4,1,2,1,5,4,4,1,1,2,3,4,5,NA,NA,4,NA,1,NA,NA,7,NA,NA,NA,3,NA,1,NA,NA,1,1,NA,NA,NA,NA,20,FALSE,1,2,2,4,4,3,1,Groovy,Surreal,Fabulous,Fascinating,Pastoral,Inciting,Inspiring,NA,NA,NA,7,7,4,5,7,6,2,7,4,1,2,6,5,5,4,2,5,7,7,4,6,4,5,7,7,6,5,5,5,7,7,1,7,7,5,7,4,3,3,4,3,2,2,5,3,4,4,6,5,3,4,5,1,2,2,6,5,6,4,1,5,7,7,4,5,4,NA,2,5,7,7,5,4,4,5,6,7,1,1,7,4,6,4,7,6,7,7,7,5,3,5,7,7,7,6,7,7,6,7,6,7,6,5,1,-9,NA,NA,NA,NA,NA,3,3,3,2,2,2,4,2,-9,10,2.3251833333333334,2.24845,2.4757333333333333,FALSE,FALSE,FALSE,FALSE,FALSE,FALSE,NA,NA,NA,film-perfo
in-person,1,01,sub-in101,pre-survey missing,NA,NA,NA,NA,NA,NA,NA,NA,NA,NA,NA,NA,NA,NA,NA,NA,NA,NA,NA,NA,NA,NA,NA,NA,NA,NA,NA,NA,NA,NA,NA,NA,NA,NA,NA,NA,NA,NA,NA,NA,NA,NA,NA,NA,NA,NA,NA,NA,NA,NA,NA,NA,NA,NA,NA,NA,NA,NA,NA,NA,NA,NA,NA,NA,NA,NA,NA,NA,NA,NA,NA,NA,NA,NA,NA,NA,NA,NA,NA,NA,NA,NA,NA,NA,NA,NA,NA,NA,NA,NA,NA,NA,NA,NA,NA,NA,NA,NA,NA,NA,NA,NA,NA,NA,NA,129,NA,1,1,3,4,3,4,1,Very powerful,Emotional,Moving,Tense,Sad,Informed,Outraged,Wounded,Courage,Hopeful,7,7,7,7,7,7,7,7,4,1,1,6,6,4,7,1,7,7,7,7,7,7,7,7,7,7,7,7,7,7,7,4,6,6,4,5,4,2,2,4,3,4,1,6,6,7,7,7,7,6,6,4,1,1,1,7,7,7,6,1,7,6,7,7,7,7,NA,1,7,7,6,7,7,6,7,7,6,5,6,6,4,6,4,5,7,7,7,7,6,6,5,6,6,6,6,6,6,6,7,6,4,6,6,1,8,NA,NA,NA,NA,NA,1,1,4,4,4,1,1,1,-1,6,13.869866666666667,7.571583333333334,5.7812166666666664,FALSE,FALSE,FALSE,FALSE,FALSE,FALSE,NA,1,10,perfo-film
in-person,1,02,sub-in102,NA,1,1,NA,NA,NA,NA,23,1,1,1,1,1,1,4,6,5,5,5,2,5,4,5,5,2,4,5,3,4,2,4,0,4,2,1,5,4,5,7,4,6,5,4,5,2,4,4,5,5,2,5,6,6,4,5,5,4,5,5,5,5,5,4,4,1,4,3,2,4,4,4,2,2,4,1,3,4,4,3,3,2,2,4,5,NA,NA,NA,NA,NA,1,1,5,NA,1,NA,3,NA,NA,NA,NA,NA,NA,NA,NA,NA,NA,24,FALSE,0,3,3,1,1,2,3,Engaging,Interesting,Thought provoking,Tense,Loud,Negative,Intense,Different,Real,Sounds,4,5,4,3,5,3,1,3,5,4,4,1,1,1,7,2,5,5,6,5,5,3,5,5,5,5,4,4,4,5,6,2,6,6,6,5,4,3,3,3,3,3,2,4,4,5,5,4,2,1,2,6,3,4,3,3,3,2,3,2,5,5,5,5,5,5,NA,1,5,5,4,5,4,5,6,4,6,2,5,6,4,5,4,4,5,6,4,6,6,6,5,4,5,5,4,6,6,6,6,5,5,4,4,1,4,NA,NA,NA,NA,NA,2,2,3,2,3,1,3,3,-1,6,4.475333333333333,1.8416166666666667,2.04365,FALSE,FALSE,FALSE,FALSE,FALSE,FALSE,NA,0,NA,perfo-film
in-person,1,03,sub-in103,NA,1,1,NA,NA,NA,NA,22,1,1,1,2,1,1,1,4,5,4,1,3,1,5,3,1,2,1,3,1,5,4,4,2,3,7,2,2,4,4,6,4,7,4,4,6,2,4,4,4,7,5,5,6,5,5,6,7,6,4,4,6,4,4,4,2,3,2,5,2,3,5,3,4,2,3,1,4,4,3,2,2,2,3,3,3,NA,NA,4,NA,1,1,1,6,NA,NA,NA,NA,NA,1,NA,NA,NA,NA,NA,NA,NA,NA,23,FALSE,1,3,2,2,2,2,1,Powerful,Innovative,Unique,Musical,Loud,Inspiring,Raw,Technilogical,Moving,Artistic,4,4,4,4,5,7,1,3,5,1,1,2,2,2,3,1,1,2,4,4,3,2,3,5,4,3,3,3,4,3,7,4,4,6,4,2,2,4,2,2,1,2,1,4,5,4,5,4,4,1,4,4,1,1,1,3,3,3,3,1,4,4,7,6,4,4,NA,1,3,6,4,4,3,4,5,4,7,3,4,7,4,6,4,3,4,7,4,7,4,4,6,4,7,4,4,6,4,4,7,4,5,4,5,1,8,NA,NA,NA,NA,NA,2,2,3,2,3,1,3,1,-1,6,5.175916666666667,2.0908,2.3061,FALSE,FALSE,FALSE,FALSE,FALSE,FALSE,NA,NA,NA,perfo-film
in-person,1,04,sub-in104,NA,1,1,1,1,1,NA,22,1,1,1,1,1,1,1,1,5,5,3,4,5,3,4,4,3,3,5,3,4,4,4,0,5,7,6,5,5,5,6,6,6,6,6,6,2,2,5,5,6,5,5,6,6,6,6,3,6,6,6,6,6,6,6,2,2,2,3,4,4,4,4,4,3,3,2,4,3,2,2,2,3,2,2,-9,NA,NA,NA,5,1,1,1,3,NA,NA,NA,NA,NA,NA,NA,NA,NA,NA,NA,NA,NA,NA,21,FALSE,1,3,2,2,2,2,1,Engaging,Dynamic,Long,Confusing,Different,Unique,Like nothing ive eeen before,Difference of depth of stage was interesting,Innovative,Engaging,5,4,2,3,6,1,1,3,6,2,2,2,2,1,2,1,6,6,6,6,6,6,7,7,7,7,7,7,4,6,6,1,6,7,5,5,5,3,4,1,1,1,2,3,2,2,2,6,1,1,2,6,1,1,1,1,1,1,2,1,7,7,7,5,6,4,NA,1,7,7,7,7,6,6,5,6,7,2,5,6,5,6,5,2,3,4,3,6,6,5,4,4,5,3,5,5,3,5,3,4,6,5,5,0,2,NA,NA,NA,NA,NA,4,3,2,1,2,2,2,1,-1,6,4.464566666666666,1.5675666666666668,1.969,FALSE,FALSE,FALSE,FALSE,FALSE,FALSE,NA,NA,NA,perfo-film
in-person,1,05,sub-in105,NA,1,1,1,1,1,1,62,1,1,1,1,1,1,5,1,5,6,6,3,3,6,3,2,4,3,3,4,4,4,5,0,1,1,6,5,4,6,7,5,6,4,6,4,6,5,4,3,6,5,4,3,6,2,5,7,5,4,4,5,4,5,5,2,3,3,3,2,1,4,2,4,3,3,1,4,4,4,2,1,2,2,2,6,1,NA,4,NA,1,NA,1,6,NA,NA,1,NA,NA,NA,NA,NA,NA,NA,NA,NA,NA,NA,19,FALSE,0,2,1,3,3,3,2,Intense,Engaging,Enveloping,Suspenseful,Enlightening,Chilling at times,NA,NA,NA,NA,6,5,5,3,5,2,2,7,4,1,1,6,6,3,4,1,4,2,6,5,6,5,5,5,5,5,4,2,5,6,4,5,3,5,2,6,5,1,2,3,4,3,1,7,6,6,6,7,4,4,6,4,1,1,1,7,7,7,6,1,6,5,7,5,5,5,NA,1,5,7,5,5,3,4,4,5,5,5,5,4,4,7,5,1,5,7,4,5,4,6,5,5,5,2,4,6,3,4,6,5,4,6,6,1,12,NA,NA,NA,NA,NA,1,1,4,4,3,1,3,1,1,9,7.082533333333333,3.97275,5.054233333333333,FALSE,FALSE,FALSE,FALSE,FALSE,FALSE,NA,1,10,perfo-film
in-person,1,06,sub-in106,NA,1,1,1,1,1,NA,22,1,1,1,4,3,3,5,4,6,5,5,4,5,5,5,4,4,5,4,4,5,3,2,4,0,4,4,5,4,3,6,4,6,5,4,5,4,5,4,4,5,4,4,6,6,3,5,4,5,3,4,5,3,4,4,2,3,4,4,2,3,4,5,4,2,5,2,4,4,4,3,2,2,3,2,4,NA,NA,4,NA,1,1,1,5,NA,NA,NA,NA,NA,1,NA,NA,NA,NA,NA,NA,NA,NA,20,FALSE,1,2,2,3,3,3,2,Surprising,Modern,Justice,New,Multimedia,Interesting,Impressive,Freely done,NA,NA,4,5,3,2,5,2,1,2,5,2,2,4,4,4,5,4,5,4,5,4,4,2,4,5,4,5,2,3,4,4,6,5,4,6,3,5,4,3,2,3,3,2,2,5,5,4,5,5,1,1,4,5,2,2,2,5,5,6,5,4,4,5,6,5,5,4,NA,1,4,5,5,4,3,4,5,5,6,3,5,7,4,4,4,5,3,7,4,6,5,5,6,4,7,4,4,5,2,5,6,5,3,5,5,1,12,NA,NA,NA,NA,NA,2,1,3,3,2,1,5,3,-1,8,4.354166666666667,2.3578166666666664,2.3347166666666666,FALSE,FALSE,FALSE,FALSE,FALSE,FALSE,NA,0,NA,perfo-film
in-person,1,07,sub-in107,NA,1,1,1,1,1,1,23,1,1,1,4,1,2,4,4,6,2,2,1,3,4,2,2,1,1,1,1,5,4,3,2,4,4,4,5,3,4,7,3,7,4,6,5,2,2,2,2,7,3,2,7,7,4,5,6,2,4,2,2,2,3,1,1,2,2,3,3,4,4,5,2,2,5,2,2,3,3,2,2,3,3,2,4,NA,NA,NA,NA,1,1,1,6,My sister is involved with the research,NA,NA,NA,NA,NA,NA,NA,NA,NA,NA,NA,NA,NA,20,FALSE,0,4,1,2,3,2,1,Interesting,Noisy,Fun,Entrancing,Definitely a lot going on!,NA,NA,NA,NA,NA,4,6,2,2,5,3,1,2,6,2,2,2,2,1,4,2,3,5,6,3,5,1,4,5,2,3,2,1,1,2,6,3,3,6,1,2,1,4,1,1,3,2,1,2,4,2,3,2,1,1,2,6,1,1,1,1,1,2,3,2,2,4,5,5,4,2,NA,1,2,5,2,4,3,1,3,2,7,3,4,6,1,4,1,3,4,7,4,5,3,6,2,2,6,3,3,6,3,5,6,3,4,3,2,-1,11,NA,NA,NA,NA,NA,2,2,2,3,3,1,6,3,-1,11,4.874183333333334,3.2573166666666666,2.434633333333333,FALSE,FALSE,FALSE,FALSE,FALSE,FALSE,NA,0,NA,perfo-film
in-person,1,08,sub-in108,NA,1,1,1,1,1,NA,-1,1,1,1,2,2,1,4,5,7,7,1,1,2,5,3,5,1,1,2,4,4,4,4,2,3,20,4,2,2,4,6,2,6,4,3,4,6,5,2,2,5,2,4,5,5,2,4,6,4,2,2,4,2,5,2,3,4,2,4,3,3,4,3,2,3,4,3,4,4,5,2,3,2,2,3,-9,NA,NA,4,NA,1,NA,1,5,NA,NA,1,NA,NA,NA,NA,NA,NA,NA,NA,NA,NA,NA,21,FALSE,1,3,3,4,2,2,2,Novel,Varying,Impressive,Repetitive,Peculiar,Multifaceted,Loud,Lots to concentrate on,Fun,Unexpected,4,7,5,6,6,5,1,1,6,3,3,4,3,3,5,2,5,5,5,4,2,1,1,6,4,6,1,1,4,4,4,5,3,6,2,5,2,4,2,3,2,2,1,4,4,3,5,5,2,1,2,7,1,1,1,5,3,3,5,2,3,4,6,2,2,1,NA,2,1,6,5,5,3,1,4,4,5,5,2,6,2,5,2,4,4,5,2,6,4,4,2,2,6,3,2,6,2,4,6,6,4,4,2,1,12,NA,NA,NA,NA,NA,1,2,3,2,3,1,6,3,-1,6,5.8031,3.5366166666666667,2.12185,FALSE,FALSE,FALSE,FALSE,FALSE,FALSE,NA,0,NA,perfo-film
in-person,1,09,sub-in109,NA,1,1,1,1,1,NA,39,1,1,1,1,1,1,6,6,6,5,6,4,6,6,7,7,3,4,7,7,5,5,5,2,3,2,3,6,3,5,6,4,5,4,4,6,3,4,4,4,6,5,4,5,5,5,5,5,4,6,4,4,5,5,4,1,1,2,4,2,5,4,4,1,2,5,1,3,4,4,2,2,3,6,5,6,NA,NA,4,NA,1,1,1,4,NA,NA,NA,3,NA,NA,NA,NA,NA,NA,NA,NA,NA,NA,20,FALSE,1,2,3,2,1,2,3,Moving,Intense,Profound,Sad,Beautiful,Strong,Powerful,Poignant,Interesting,Thought provoking,5,5,6,3,6,2,6,2,4,2,2,2,3,1,2,1,5,6,5,4,6,4,6,5,6,6,2,3,4,5,6,1,3,6,4,5,4,4,2,3,2,1,2,5,5,5,6,4,1,1,3,4,2,2,2,3,4,3,2,1,7,7,7,4,6,4,NA,3,7,7,7,7,4,5,6,6,6,1,3,7,4,6,4,4,4,7,6,6,4,5,4,4,6,4,4,4,5,5,6,5,4,4,5,1,16,NA,NA,NA,NA,NA,2,1,3,2,3,1,2,1,-1,6,5.979816666666666,2.1521,3.0232,FALSE,FALSE,FALSE,FALSE,FALSE,FALSE,NA,0,NA,perfo-film
in-person,1,10,sub-in110,NA,1,1,1,NA,1,NA,34,1,1,1,1,1,1,5,6,7,6,6,5,4,7,4,6,6,5,7,7,5,5,4,2,5,7,2,6,2,6,7,5,6,3,6,7,4,3,3,6,7,6,5,3,7,5,4,7,7,4,6,6,4,5,3,1,2,1,4,5,2,5,2,4,2,1,3,4,5,5,1,2,3,4,2,5,1,NA,4,NA,1,NA,1,4,NA,NA,NA,NA,NA,NA,NA,1,NA,NA,NA,NA,NA,NA,21,FALSE,0,2,3,2,2,3,1,Moving,Wild,Surprising,Strange,Depressing,Jarring,Novel,Long,Intense,NA,5,7,6,3,5,2,3,6,5,6,6,4,3,3,4,1,3,6,4,6,7,3,6,6,7,7,4,7,5,7,7,3,6,7,4,5,4,4,1,2,3,2,1,3,2,2,4,4,1,1,2,6,2,2,2,2,2,4,2,1,6,5,7,4,5,2,NA,1,6,6,6,7,5,3,4,6,7,4,6,4,4,5,4,1,6,7,7,4,4,4,4,5,7,7,5,7,6,6,6,5,4,4,6,1,5,NA,NA,NA,NA,NA,2,1,4,3,4,1,2,1,-9,7,4.520783333333333,2.50975,3.0086833333333334,FALSE,FALSE,FALSE,FALSE,FALSE,FALSE,NA,0,NA,perfo-film
in-person,1,11,sub-in111,NA,1,1,1,1,1,NA,22,1,1,1,1,1,6,1,5,6,6,2,2,5,6,6,6,6,6,2,2,5,5,4,7,8,10,2,5,7,6,6,1,6,2,1,5,1,5,1,6,7,6,2,7,5,6,5,7,2,2,1,3,5,1,1,1,1,4,1,1,5,4,2,1,1,1,4,2,1,2,4,3,3,2,1,-9,NA,NA,4,5,1,1,1,5,NA,NA,NA,NA,1,NA,NA,NA,NA,NA,NA,NA,NA,NA,19,FALSE,1,4,1,1,2,3,1,Energetic,Odd,Interesting,Erratic,Impulsive,Weird,NA,NA,NA,NA,2,1,1,1,5,3,1,1,5,1,2,1,1,4,4,1,6,3,5,3,5,1,5,4,5,6,1,3,4,1,7,1,6,5,1,2,2,2,1,3,3,4,2,4,2,4,5,5,2,1,2,5,1,1,1,1,1,2,4,1,6,5,5,5,2,4,NA,1,6,7,5,6,2,6,4,1,7,1,6,6,1,2,2,6,5,7,4,6,2,1,6,3,7,6,2,5,4,4,5,3,7,3,4,0,6,NA,NA,NA,NA,NA,3,1,4,4,4,1,4,1,-1,10,4.09525,1.8976666666666666,2.30335,FALSE,FALSE,FALSE,FALSE,FALSE,FALSE,NA,0,NA,perfo-film
in-person,1,12,sub-in112,NA,1,1,1,1,1,NA,29,1,1,1,2,2,5,4,6,6,3,4,5,5,7,5,4,1,4,7,3,5,1,4,1,5,7,2,6,6,5,7,5,6,4,5,6,3,5,5,7,7,7,5,7,7,7,6,7,6,7,5,6,4,5,3,1,1,1,4,2,4,5,4,2,2,3,2,4,5,3,2,1,2,3,5,-9,1,NA,4,NA,NA,1,1,7,NA,1,NA,NA,NA,1,NA,NA,NA,NA,NA,NA,NA,NA,19,FALSE,1,3,2,3,2,3,1,Evocative,Loud,Ruminative,Insightful,Rhythmic,Unafraid,Percussive,Coordinated,Varied,Experimental,6,7,6,3,6,5,2,7,5,1,1,5,6,6,7,3,5,6,6,2,5,2,4,7,5,5,2,4,5,4,6,3,6,7,3,4,5,4,2,4,3,3,1,5,4,4,3,4,1,1,2,6,1,1,1,4,3,5,6,2,4,7,6,2,5,3,NA,1,3,5,2,3,2,2,4,3,6,2,6,7,3,4,5,7,5,7,6,7,4,4,5,5,7,5,5,6,7,5,7,5,6,4,5,0,6,NA,NA,NA,NA,NA,2,1,3,3,3,1,6,2,-1,6,4.139016666666667,2.715,2.64085,FALSE,FALSE,FALSE,FALSE,FALSE,FALSE,NA,0,NA,perfo-film
in-person,1,13,sub-in113,NA,1,1,1,1,1,NA,28,1,1,1,1,1,1,7,7,7,7,7,4,7,7,7,7,5,4,4,7,5,2,4,7,3,0,2,6,5,5,7,5,7,3,5,7,2,6,5,5,6,3,5,7,7,2,6,6,7,5,5,7,7,7,5,1,2,2,5,3,5,4,5,3,1,4,1,3,5,5,2,2,3,2,2,-9,1,NA,4,5,1,1,1,7,NA,NA,NA,NA,NA,NA,NA,NA,NA,NA,NA,NA,NA,NA,19,NA,1,2,2,2,2,3,2,Moving,Engaging,Powerful,Emotional,Creative,Unique,Interesting,NA,NA,NA,6,7,6,3,6,4,1,6,4,2,3,2,3,2,5,3,5,6,5,5,7,4,6,5,7,7,3,6,6,7,7,2,5,7,7,7,6,3,3,3,2,2,3,6,5,6,7,6,5,1,6,4,1,1,1,4,5,5,4,3,7,7,6,6,7,6,NA,2,7,6,7,7,5,4,7,7,7,1,5,7,7,7,6,4,6,7,6,7,5,6,6,5,7,3,6,7,3,6,6,6,6,7,7,1,12,NA,NA,NA,NA,NA,3,2,3,2,3,1,4,2,1,9,5.1863166666666665,2.870416666666667,2.8609333333333336,FALSE,FALSE,FALSE,FALSE,FALSE,FALSE,NA,0,NA,perfo-film
in-person,1,14,sub-in114,NA,1,1,1,1,1,NA,29,1,1,1,1,2,2,3,4,5,4,6,2,6,6,6,6,2,4,7,3,4,5,5,3,5,7,2,7,5,6,7,6,6,3,6,5,2,5,3,5,6,6,5,6,6,5,2,7,5,4,3,5,4,6,4,1,1,2,4,4,3,5,3,2,1,3,2,3,4,3,2,3,3,5,3,3,NA,NA,4,NA,1,1,1,6,NA,NA,NA,NA,NA,1,NA,NA,NA,NA,NA,NA,NA,NA,20,NA,1,3,2,3,3,2,1,Repetitive,Silly,Abstract,Rhythmic,Confusing,Heavy,Cultural,Dynamic,Mysophonia,Out there,3,4,2,4,5,5,1,2,5,2,3,2,2,3,5,1,4,4,5,2,4,2,4,5,6,4,2,3,5,3,5,1,5,7,2,6,4,4,2,2,2,2,2,4,4,4,3,4,1,2,3,7,1,1,2,3,2,5,4,1,5,5,5,4,4,3,NA,1,3,7,4,5,3,2,5,3,6,1,5,7,4,6,5,5,6,6,6,7,5,6,4,3,4,5,5,6,6,4,7,5,4,4,5,1,8,NA,NA,NA,NA,NA,2,4,2,1,4,2,4,1,-1,5,5.882116666666667,2.5468,3.3781166666666667,FALSE,FALSE,FALSE,FALSE,FALSE,FALSE,NA,0,NA,perfo-film
in-person,1,15,sub-in115,NA,1,1,1,1,1,1,28,1,1,1,2,3,2,3,5,3,1,3,3,3,2,5,4,1,2,5,2,5,3,4,18,10,3,4,7,3,3,6,4,5,3,4,6,3,2,3,3,6,4,2,5,5,4,3,5,4,3,2,3,4,5,4,1,2,2,4,3,2,4,3,2,2,2,2,3,4,4,2,2,3,4,6,6,1,2,4,5,1,1,1,5,NA,NA,NA,NA,NA,NA,NA,NA,NA,NA,NA,NA,NA,NA,17,FALSE,0,2,2,4,2,2,2,Stimulating,Rhythmic,Interesting,Modern,Thought provoking,Eclectic,Multisensory,At times groovy,NA,NA,6,6,5,5,6,4,1,3,4,3,3,3,2,1,3,1,6,3,3,2,3,3,4,2,3,3,1,2,3,3,5,4,4,7,2,5,4,3,2,3,2,2,2,5,6,5,7,5,2,2,2,5,2,2,2,2,2,1,2,1,7,4,5,4,4,1,NA,2,3,2,3,2,1,3,5,2,4,3,4,6,3,5,4,3,4,6,3,7,3,4,3,4,6,4,3,6,3,5,6,4,4,3,4,1,8,NA,NA,NA,NA,NA,2,1,4,2,3,1,2,1,-1,8,6.7333,2.8039666666666667,3.0944666666666665,FALSE,FALSE,FALSE,FALSE,FALSE,FALSE,NA,1,21.84,perfo-film
in-person,1,16,sub-in116,NA,1,1,1,1,1,NA,54,1,1,1,4,4,4,2,4,4,1,3,1,2,7,4,6,1,3,4,1,5,5,5,1,7,5,1,4,3,6,6,4,6,5,6,5,2,2,6,6,6,6,6,6,6,4,4,4,4,4,4,4,2,2,2,1,1,1,4,1,4,5,5,3,1,3,1,4,5,4,1,1,3,2,2,-9,NA,NA,4,NA,NA,1,NA,5,NA,1,NA,NA,NA,NA,1,NA,NA,NA,NA,NA,NA,NA,21,FALSE,1,1,1,3,3,3,1,Interseting,Loud,Memorable,Excellent,Enjoyable,Different,NA,NA,NA,NA,7,7,4,4,7,2,1,5,5,3,3,1,1,1,2,1,1,1,5,1,3,1,1,4,3,3,1,2,5,1,7,2,6,6,2,3,1,2,1,2,3,1,1,7,6,6,5,5,2,2,4,5,1,1,1,1,1,1,1,1,7,2,5,3,4,2,NA,1,3,5,2,3,2,2,3,2,6,2,4,NA,1,6,1,4,6,7,7,6,4,6,4,4,6,6,4,6,4,6,4,6,4,3,6,1,10,NA,NA,NA,NA,NA,1,1,4,4,1,1,1,1,1,11,6.894333333333333,4.682266666666667,3.799733333333333,FALSE,FALSE,FALSE,FALSE,FALSE,FALSE,NA,NA,NA,perfo-film
in-person,1,17,sub-in117,NA,1,1,NA,NA,NA,NA,20,1,1,1,1,1,1,1,1,2,1,2,1,1,2,2,1,1,1,1,1,5,3,2,0,2,7,2,2,NA,NA,NA,NA,NA,NA,NA,NA,NA,NA,NA,NA,NA,NA,NA,NA,NA,NA,NA,NA,NA,NA,NA,NA,NA,NA,NA,4,1,4,5,3,NA,4,5,2,3,5,2,3,3,4,3,3,2,1,2,2,NA,NA,4,NA,1,1,1,-9,NA,NA,NA,3,NA,1,NA,NA,NA,NA,NA,NA,NA,NA,50,FALSE,1,2,2,3,1,2,1,Powerful,Entertaining,Loud,Great sound performance,Thought provoking,NA,NA,NA,NA,NA,4,5,5,4,4,5,1,2,4,3,3,1,1,1,2,1,4,3,5,4,3,1,3,6,4,5,1,3,4,4,6,1,7,6,4,4,4,2,2,2,1,2,1,4,5,5,4,4,4,1,2,4,2,2,2,1,1,1,2,1,5,3,5,3,5,1,NA,1,2,6,3,5,2,3,5,3,7,1,6,6,4,4,4,3,4,5,4,6,4,5,4,4,5,4,4,7,4,4,5,4,5,4,4,1,15,NA,NA,NA,NA,NA,1,2,3,2,3,1,2,1,-1,10,4.865,2.0862166666666666,4.185883333333333,FALSE,FALSE,FALSE,FALSE,FALSE,FALSE,NA,0,NA,perfo-film
in-person,1,18,sub-in118,no second calibration at intermission due to time constraints,1,1,1,1,1,1,20,1,1,1,1,1,1,6,4,7,7,1,1,3,3,4,4,1,6,6,1,5,4,4,2,1,5,1,5,6,6,6,4,7,7,5,7,5,7,5,7,6,7,4,6,7,7,7,7,6,5,7,5,6,6,6,5,1,1,5,5,4,5,3,3,1,5,1,5,5,5,2,2,2,3,6,3,NA,NA,NA,NA,1,1,1,-9,Recommend by a friend,NA,NA,NA,NA,NA,NA,NA,NA,NA,NA,NA,NA,NA,19,FALSE,1,4,3,2,3,2,1,Noise,Sounds,Ringing,Informative,Interesting,Melodic,Tapping,Clicking,Scratching,Harmonic,6,7,6,6,4,5,1,5,4,1,2,3,3,2,4,1,3,1,6,5,1,4,1,6,4,4,3,4,7,4,7,4,7,6,5,6,6,3,2,2,4,4,1,5,7,7,7,6,4,1,4,5,1,1,1,4,4,4,3,1,6,3,7,7,1,6,NA,1,2,7,6,7,4,4,7,5,7,4,7,6,5,5,7,1,5,7,5,7,7,6,7,7,7,7,7,7,7,6,7,6,5,5,7,1,-9,NA,NA,NA,NA,NA,2,2,4,4,4,1,1,1,1,6,5.665216666666667,3.4618333333333333,3.2384,NA,NA,NA,NA,NA,NA,NA,1,0.25,perfo-film
in-person,1,19,sub-in119,NA,1,1,1,1,1,1,32,1,1,1,2,3,3,4,5,5,4,5,3,4,5,4,5,4,5,5,3,5,5,4,3,6,5,4,6,6,3,6,4,6,4,5,5,3,4,4,4,6,6,4,5,6,5,5,5,4,3,4,4,4,5,4,2,2,1,5,2,3,4,4,3,1,3,2,4,5,4,2,2,2,2,1,-9,1,NA,NA,NA,NA,1,1,6,A friend asked to attend with her,1,NA,NA,NA,NA,NA,NA,NA,NA,NA,NA,NA,NA,19,FALSE,1,4,2,2,3,2,3,Hypnotic,Sudden,Crash,Tense,Cacophany,Waves,Light,Boom,Sudden,Clink,4,5,4,5,5,6,1,5,5,1,1,2,2,3,3,2,2,2,4,2,5,3,5,4,4,5,3,5,5,3,5,1,4,5,4,5,4,3,1,3,3,3,2,5,5,4,4,5,4,2,4,4,1,1,1,2,2,3,4,2,3,4,5,4,5,4,NA,1,4,5,5,5,5,4,6,3,6,2,4,6,5,6,4,6,4,7,5,7,4,3,4,4,7,6,5,7,5,5,6,4,4,4,4,-1,10,NA,NA,NA,NA,NA,3,1,3,3,2,1,5,4,-1,6,3.7292,2.61725,2.5267833333333334,FALSE,FALSE,FALSE,FALSE,FALSE,FALSE,NA,0,NA,perfo-film
in-person,1,20,sub-in120,NA,1,1,NA,NA,NA,NA,35,1,1,1,2,1,1,6,5,5,1,5,1,5,5,6,6,2,3,3,4,5,4,4,4,1,2,-9,7,2,5,7,7,7,4,3,6,3,5,5,2,7,7,5,6,7,5,5,7,5,3,6,6,6,6,6,1,2,1,4,2,3,5,4,2,1,3,1,3,4,2,2,2,3,3,1,-9,NA,NA,4,NA,NA,NA,NA,4,NA,1,1,NA,NA,NA,1,NA,NA,NA,NA,NA,NA,NA,24,FALSE,1,3,3,2,4,4,2,Rhythmic,Alarming,Disturbing,NA,NA,NA,NA,NA,NA,NA,5,5,3,4,6,6,1,1,5,1,1,4,3,1,2,1,5,5,4,1,5,3,6,6,6,6,5,4,5,5,7,3,4,6,6,6,6,4,3,3,3,3,3,6,6,5,4,5,2,1,2,6,5,5,7,5,5,3,3,4,6,6,7,7,5,4,NA,1,6,5,6,6,3,4,5,7,5,6,6,6,6,6,6,5,7,6,7,6,5,6,7,5,6,7,6,6,6,6,6,6,6,6,7,1,5,NA,NA,NA,NA,NA,3,2,3,3,2,1,4,1,1,13,3.6821,2.3619166666666667,1.8942,FALSE,FALSE,FALSE,FALSE,FALSE,FALSE,NA,NA,NA,perfo-film
in-person,1,21,sub-in121,NA,1,1,1,1,1,NA,18,1,1,1,2,2,2,3,3,5,3,5,1,4,4,7,7,2,5,5,7,4,5,4,3,7,7,-9,2,4,5,6,5,7,4,5,6,3,4,4,5,7,5,5,4,4,5,6,6,5,3,4,5,2,7,2,2,2,2,4,1,2,5,2,2,2,1,1,4,4,4,1,1,2,2,4,4,NA,NA,NA,NA,NA,1,1,4,my mom,1,NA,NA,NA,NA,NA,NA,NA,NA,NA,NA,NA,NA,21,NA,1,3,1,2,3,2,1,Creative,Musical,Poetic,NA,NA,NA,NA,NA,NA,NA,4,3,4,4,3,3,1,2,5,3,2,4,3,3,4,2,6,4,6,3,4,2,4,5,6,7,4,5,5,5,6,3,5,5,1,6,1,4,1,1,1,1,1,2,2,5,4,3,1,1,1,6,5,5,7,4,4,6,5,1,5,6,7,6,7,1,NA,1,7,6,7,7,6,6,6,7,7,2,6,6,1,6,2,6,6,7,6,6,5,6,4,4,6,6,6,6,6,6,6,4,3,6,4,1,-9,NA,NA,NA,NA,NA,3,3,4,2,2,1,4,2,-1,13,6.24445,3.84835,3.0869833333333334,FALSE,FALSE,FALSE,FALSE,FALSE,FALSE,NA,0,NA,perfo-film
in-person,1,22,sub-in122,pre-survey incomplete,1,1,NA,NA,NA,NA,16,1,1,1,1,1,3,2,2,7,2,3,2,4,3,7,3,1,5,2,1,5,1,4,NA,NA,NA,-9,-9,4,6,7,4,7,5,5,6,5,4,4,3,4,4,5,4,7,5,5,7,7,5,4,4,4,5,4,5,3,5,4,3,3,4,2,4,NA,NA,NA,NA,NA,NA,NA,NA,NA,NA,4,4,1,NA,4,5,NA,NA,NA,NA,NA,NA,NA,3,NA,NA,NA,NA,NA,NA,NA,NA,NA,NA,37,NA,0,2,1,2,3,4,2,Creative,Emotionally engaging,Wonder,NA,NA,NA,NA,NA,NA,NA,3,3,1,1,4,2,1,2,5,4,4,4,3,3,4,2,7,2,7,1,1,3,1,4,5,1,2,4,3,4,6,4,2,4,4,6,5,3,2,1,2,4,2,4,5,4,5,3,3,1,2,5,3,3,2,4,4,4,3,1,7,4,5,4,3,3,NA,1,4,5,7,7,4,5,4,4,4,3,2,6,4,4,6,4,6,6,6,7,4,6,4,4,7,6,4,4,6,4,7,6,6,4,4,0,-9,NA,NA,NA,NA,NA,2,1,2,3,4,2,4,2,-1,13,6.29615,4.287716666666666,3.421316666666667,FALSE,FALSE,FALSE,FALSE,FALSE,FALSE,NA,NA,NA,perfo-film
in-person,1,23,sub-in123,NA,1,1,1,1,1,NA,72,1,1,1,2,3,1,5,6,7,5,6,5,4,6,6,7,4,3,4,5,4,4,2,0,3,3,6,4,4,5,5,3,4,6,5,7,3,5,5,4,6,5,4,6,7,5,5,4,4,6,4,6,4,5,4,3,3,3,1,3,1,4,3,4,2,2,3,4,3,2,1,1,2,2,2,-9,1,NA,NA,NA,NA,NA,1,4,NA,1,1,NA,NA,NA,NA,NA,NA,NA,NA,NA,NA,NA,21,FALSE,1,3,1,2,2,3,2,Different,Cacaphony of sound,Unexpected,Unique,Irritating,Annoying,Strange,Uneasy listening,Repetitive,Too long,2,3,1,1,5,1,1,1,7,3,3,1,1,2,2,1,3,3,5,3,6,2,2,6,5,4,2,1,4,4,4,2,4,6,4,4,4,3,2,2,2,3,2,2,2,2,1,5,1,1,1,6,1,1,1,1,1,2,2,1,1,2,5,2,4,2,NA,1,3,6,4,4,2,2,4,4,5,2,4,5,4,4,4,2,3,5,4,5,4,5,5,4,5,4,4,5,4,5,5,5,5,6,4,1,10,NA,NA,NA,NA,NA,1,1,3,3,3,1,4,2,-1,6,4.835283333333333,2.9283333333333332,2.76225,FALSE,FALSE,FALSE,FALSE,FALSE,FALSE,NA,0,NA,perfo-film
in-person,1,24,sub-in124,NA,1,1,1,1,1,NA,48,1,1,1,1,1,1,2,2,6,6,6,6,5,6,6,5,5,4,4,4,5,4,5,2,3,4,6,6,4,4,7,6,6,3,1,5,3,1,2,5,6,4,4,4,4,4,4,6,4,4,4,1,5,5,4,1,1,1,5,1,2,5,2,4,2,1,1,5,4,3,1,1,2,4,5,4,1,2,4,5,1,1,1,4,NA,NA,NA,3,NA,NA,NA,NA,NA,NA,NA,NA,NA,NA,17,NA,1,4,1,2,3,1,1,Heavey,Creative,Expresssive,Moving,Transe,Different,NA,Thought provoking,Intriguing,NA,4,4,4,6,7,1,1,4,5,1,1,1,1,1,3,1,4,4,6,4,4,5,3,5,5,4,4,1,6,4,5,3,5,5,5,5,4,3,1,3,4,1,1,5,5,4,5,6,1,1,5,6,1,1,1,1,1,1,2,1,3,5,6,5,4,5,NA,2,2,6,3,2,4,1,5,3,5,3,5,5,5,5,3,4,4,7,4,4,4,4,2,3,5,4,4,4,4,4,6,4,6,7,2,0,14,NA,NA,NA,NA,NA,4,2,3,3,2,1,2,1,1,8,6.565316666666667,3.40645,3.0810833333333334,FALSE,FALSE,FALSE,FALSE,FALSE,FALSE,NA,0,NA,perfo-film
in-person,1,25,sub-in125,NA,1,1,1,1,1,1,18,1,1,1,1,1,1,1,2,4,4,1,1,1,2,2,2,1,1,1,2,5,5,4,2,5,6,-9,1,2,4,6,4,4,5,4,6,3,4,4,5,5,5,3,6,5,5,5,4,4,4,4,5,4,4,4,4,4,5,4,4,3,4,3,5,4,3,3,4,5,4,2,1,3,2,5,6,1,NA,NA,NA,NA,NA,1,4,NA,1,NA,NA,NA,NA,NA,1,NA,NA,NA,NA,NA,NA,20,FALSE,1,3,2,2,2,3,3,Tense,Different,Sort of chaotic,Somber,Loud,Hectic at times,Interesting perspective,Good use of objects,Variety of audio,Familiar rythms,4,4,3,4,6,3,1,3,4,2,3,1,1,1,2,1,2,5,5,4,3,2,3,3,3,2,1,2,3,2,6,3,5,6,4,5,4,4,2,3,2,2,2,5,4,4,4,7,3,1,3,5,2,3,2,1,1,1,2,1,4,5,5,4,3,2,NA,1,3,2,4,4,1,2,3,4,5,4,5,6,4,5,4,4,4,6,4,5,5,5,4,4,5,5,4,6,5,5,5,4,5,4,4,-1,-9,NA,NA,NA,NA,NA,2,2,2,2,2,2,2,1,-9,6,6.0348,2.204466666666667,3.0473833333333333,FALSE,FALSE,FALSE,FALSE,FALSE,FALSE,NA,NA,NA,perfo-film
in-person,1,26,sub-in126,NA,1,1,1,1,1,1,44,1,1,1,2,5,6,4,6,6,3,5,4,6,5,5,5,5,5,6,7,5,3,4,2,1,5,6,3,4,4,7,6,6,5,3,6,2,5,5,6,6,6,4,6,6,6,5,6,6,7,6,4,6,6,6,4,2,2,4,3,3,5,5,5,2,3,1,4,5,4,1,2,2,2,1,4,NA,NA,4,NA,NA,1,NA,4,NA,1,NA,NA,NA,NA,1,NA,NA,1,NA,NA,NA,NA,19,FALSE,1,2,2,3,3,3,1,Interesting,Different,Long,Repetitive,Agitating,Soothing,Chaotic,Rythmic,Stimulating,New,4,4,5,5,5,3,1,3,5,1,3,4,2,5,6,1,7,7,7,7,7,6,7,6,7,7,6,7,7,7,7,4,6,7,6,5,5,2,2,2,3,3,3,5,5,5,5,5,4,4,6,4,1,2,1,3,3,4,5,1,5,5,5,3,5,3,NA,1,4,5,5,4,2,6,5,4,7,2,7,6,6,6,6,3,4,7,7,7,6,5,6,6,7,6,6,6,5,7,7,5,7,6,6,0,2,NA,NA,NA,NA,NA,2,1,4,4,4,1,2,1,1,6,6.75615,3.5911833333333334,3.6513666666666666,FALSE,FALSE,FALSE,FALSE,FALSE,FALSE,NA,0,NA,perfo-film
in-person,1,27,sub-in127,NA,1,1,1,1,1,1,57,1,1,1,1,1,1,2,4,3,1,5,1,4,1,4,4,1,2,2,4,3,3,4,3,0,0,6,7,3,4,6,4,5,4,4,4,4,5,5,4,5,5,4,5,4,3,4,5,4,3,3,4,4,4,4,4,2,2,4,4,5,4,4,2,1,4,1,3,4,4,3,2,3,1,1,1,1,NA,4,NA,1,1,1,5,NA,NA,NA,NA,NA,NA,NA,NA,NA,NA,NA,NA,NA,NA,19,FALSE,0,4,2,2,2,1,2,Noisy,Challenging,Thought provoking,Hard,Tiring,Boring,Weird,Talent,NA,NA,4,4,3,3,4,1,1,2,6,2,2,1,1,1,2,1,2,3,4,1,2,1,2,2,2,3,1,2,4,2,5,3,3,4,2,6,4,4,2,1,1,2,2,4,3,4,4,4,1,1,1,5,1,1,1,3,2,2,3,1,5,5,5,1,5,2,NA,1,4,3,4,4,1,4,5,4,5,2,4,6,4,6,4,6,2,7,6,7,4,4,6,4,5,6,4,5,6,5,6,5,3,5,4,0,8,NA,NA,NA,NA,NA,3,2,3,3,2,1,5,1,-9,8,5.7111,4.029466666666667,3.3920166666666667,FALSE,FALSE,FALSE,FALSE,FALSE,FALSE,NA,1,20,perfo-film
in-person,1,28,sub-in128,NA,1,1,1,1,1,1,60,1,1,1,1,1,1,3,4,5,1,4,1,2,5,4,4,1,2,3,3,5,5,5,0,3,7,6,7,5,4,6,4,5,4,5,4,3,4,2,2,5,5,1,5,6,5,3,6,4,5,4,5,4,4,4,1,1,1,4,2,3,4,2,2,2,2,2,4,4,4,2,1,2,4,3,5,NA,NA,4,5,1,NA,1,6,NA,NA,1,NA,NA,NA,NA,NA,NA,NA,NA,NA,NA,NA,19,FALSE,0,3,1,2,3,3,2,Interesting,Unusual,Rhythm,Tiring,Repetitve,Creative,Talented,Musicians,Excellent vocals,Engaging drumming,4,5,4,3,4,1,1,2,6,2,2,3,2,1,5,1,1,4,5,4,1,4,4,5,4,4,3,2,4,4,4,2,4,6,1,2,3,4,1,2,2,2,2,5,4,3,5,6,1,1,3,5,2,2,2,3,3,3,5,1,2,5,6,4,5,5,NA,2,5,6,6,6,4,3,3,3,5,2,5,6,2,3,3,6,2,6,6,6,3,4,4,4,6,6,3,6,5,3,6,4,6,4,2,-1,14,NA,NA,NA,NA,NA,3,1,3,3,4,1,4,1,-9,5,9.198033333333333,4.850216666666666,6.527116666666666,FALSE,FALSE,FALSE,FALSE,FALSE,FALSE,NA,NA,NA,perfo-film
in-person,1,29,sub-in129,didn't wear watch during 2nd half,1,1,1,1,1,1,25,1,1,1,2,2,2,4,3,5,5,4,3,3,4,4,2,3,2,5,2,5,5,3,1,2,5,2,2,6,4,4,3,5,4,4,7,2,4,5,6,7,5,4,6,6,5,5,6,5,4,4,4,4,6,4,1,2,1,4,2,3,4,3,2,2,3,2,4,4,5,2,2,2,6,5,6,1,2,4,5,NA,NA,1,5,NA,1,NA,3,1,NA,NA,NA,NA,NA,NA,NA,NA,NA,15,FALSE,1,2,2,4,3,3,1,Dynamic,Tense,Sonically pleasing,Story driven,Serious,Empathetic,Suspenseful,Intense,Intentional,Strong,7,7,5,4,4,5,2,5,4,3,4,6,6,6,5,4,3,4,5,5,3,4,2,5,2,1,5,1,6,1,7,1,7,7,6,7,5,2,2,4,3,2,1,5,5,4,4,4,3,2,3,5,3,2,3,6,6,6,6,5,5,5,6,6,4,5,NA,1,4,6,3,2,5,2,5,2,7,1,5,7,4,5,4,4,4,5,4,6,5,4,5,4,6,4,4,6,4,5,6,4,5,4,4,1,4,NA,NA,NA,NA,NA,2,1,3,3,1,1,4,2,-1,5,6.11705,3.34015,4.135916666666667,FALSE,FALSE,FALSE,FALSE,FALSE,FALSE,NA,0,NA,perfo-film
in-person,1,30,sub-in130,NA,1,1,NA,NA,NA,NA,23,1,1,1,3,3,4,3,1,5,1,4,1,5,4,4,4,1,4,4,6,5,5,4,0,4,7,-9,2,5,6,7,4,6,5,4,7,2,4,6,5,6,5,5,7,6,6,5,6,5,6,5,5,4,7,6,1,1,1,5,1,3,4,4,2,1,4,1,3,5,5,2,2,2,6,1,-9,NA,NA,4,NA,NA,1,1,7,NA,1,NA,3,NA,1,NA,NA,1,NA,NA,NA,NA,NA,21,FALSE,1,2,1,2,2,2,2,Texture,Unsettling,Moving,Powerful,Real,Hard hitting,Truth,Poetic,Contemplative,Unique,4,5,5,5,6,4,1,6,5,2,4,5,4,5,4,4,3,6,5,5,4,1,6,6,4,6,2,4,5,5,7,1,6,7,4,7,6,3,2,3,2,1,2,2,2,2,2,4,1,1,4,5,2,2,2,3,3,6,4,4,3,6,6,5,4,1,NA,1,3,6,6,6,1,3,5,6,7,1,6,7,4,7,7,6,5,7,4,6,5,5,4,5,7,6,4,7,3,5,6,5,6,4,4,0,3,NA,NA,NA,NA,NA,1,1,3,2,2,1,4,3,-1,5,5.7374,3.2121333333333335,5.6979,FALSE,FALSE,FALSE,FALSE,FALSE,FALSE,NA,0,NA,perfo-film
in-person,1,31,sub-in131,no eyetracking data,1,1,1,1,1,NA,38,1,1,1,1,1,1,1,2,2,1,2,1,2,1,2,2,1,1,2,2,5,4,5,0,1,7,6,7,5,3,7,3,7,4,5,6,4,4,4,3,6,5,4,6,6,3,3,6,3,4,5,3,3,3,3,2,1,1,2,3,2,2,3,3,4,3,2,3,1,2,1,1,1,5,3,4,1,NA,4,NA,1,NA,1,5,NA,NA,1,NA,NA,NA,NA,NA,NA,NA,NA,NA,NA,NA,21,FALSE,1,3,2,2,1,3,1,Dreamlike,Heavy,Troubling,Impressive,Coordinated,Hopeful,Symbolic,Captivating,NA,NA,4,4,4,2,6,2,1,2,4,1,1,1,2,1,2,1,2,4,2,2,4,1,3,3,2,3,1,1,2,3,6,2,5,6,3,4,4,4,2,2,2,2,2,3,3,2,3,5,1,1,2,6,1,1,1,1,2,2,2,1,3,3,4,2,3,2,NA,NA,2,4,3,2,2,1,2,2,6,2,4,6,2,4,4,5,3,7,4,5,4,4,4,4,7,5,4,6,3,3,6,4,4,5,3,1,14,NA,NA,NA,NA,NA,NA,NA,NA,NA,NA,NA,NA,4,-1,17,6.10965,3.5069166666666667,3.3198,FALSE,FALSE,FALSE,FALSE,FALSE,FALSE,NA,NA,NA,perfo-film
livestream,0,01,sub-on001,NA,1,1,1,1,1,1,42,1,1,1,1,1,1,4,6,7,6,4,4,3,7,7,5,4,4,7,7,5,4,4,4,2,1,3,4,6,6,5,4,6,5,5,7,5,7,7,6,7,5,4,6,6,4,6,6,6,7,5,6,6,6,6,5,4,3,5,1,4,5,4,3,2,4,1,4,4,4,1,3,3,2,6,6,NA,2,NA,NA,NA,1,1,6,NA,1,NA,NA,1,NA,NA,NA,NA,NA,NA,NA,NA,NA,24,FALSE,NA,3,2,4,1,2,1,Interesting,Insightful,very royal,musical,artistic,contemporary,sad,tense,hopeful,directive,6,6,5,6,6,4,2,6,5,1,1,1,1,2,1,4,6,6,7,7,6,5,4,7,7,7,6,6,7,7,6,4,6,6,6,6,6,2,2,4,1,3,1,5,5,6,7,6,5,2,5,5,1,1,1,1,1,2,1,4,7,7,7,7,4,6,South Africa,2,6,7,6,6,6,6,6,6,7,4,5,6,6,6,6,6,6,7,6,6,6,6,6,6,6,5,6,6,6,7,6,6,6,7,6,1,-9,3,7,7,7,7,3,1,3,3,3,1,1,7,1,24,3.6889166666666666,2.842233333333333,2.4811,FALSE,FALSE,FALSE,FALSE,FALSE,FALSE,NA,0,NA,film-perfo
livestream,0,02,sub-on002,lost survey data after second stream,1,1,NA,NA,NA,1,23,1,1,1,1,1,2,2,2,5,5,1,1,4,5,6,2,2,2,3,1,4,4,4,2,3,1,3,3,2,3,6,5,7,4,4,6,5,5,6,4,7,4,4,6,7,5,6,7,5,6,5,7,6,6,5,4,4,4,4,2,4,3,4,5,1,2,2,3,4,4,2,3,3,2,1,-9,NA,NA,4,NA,NA,1,NA,6,NA,1,NA,NA,1,NA,NA,NA,NA,NA,NA,NA,1,NA,26,FALSE,NA,NA,NA,NA,NA,NA,NA,NA,NA,NA,NA,NA,NA,NA,NA,NA,NA,NA,NA,NA,NA,NA,NA,NA,NA,NA,NA,NA,NA,NA,NA,NA,NA,NA,NA,NA,NA,NA,NA,NA,NA,NA,NA,NA,NA,NA,NA,NA,NA,NA,NA,NA,NA,NA,3,2,2,2,2,2,2,3,4,4,6,4,1,1,5,2,2,1,1,2,2,4,5,4,4,6,6,4,3,South Africa,1,5,5,7,5,3,4,6,2,7,4,4,6,6,5,5,NA,NA,NA,NA,NA,NA,NA,NA,NA,NA,NA,NA,NA,NA,NA,NA,NA,NA,NA,NA,NA,NA,NA,NA,NA,NA,NA,2,2,3,2,1,1,3,4,1,141,7.052333333333333,NA,NA,FALSE,FALSE,NA,NA,NA,NA,NA,0,NA,film-perfo
livestream,0,03,sub-on003,lost survey data after second stream,1,1,1,1,NA,NA,25,1,1,1,1,1,1,1,1,3,3,2,1,1,1,4,1,1,1,5,2,5,5,3,3,0,2,2,5,2,3,4,2,4,5,1,5,4,3,3,4,5,2,2,6,5,2,3,6,3,5,2,3,2,5,3,4,4,1,3,2,1,2,1,2,3,1,3,3,4,3,2,1,2,2,1,1,NA,NA,4,NA,NA,NA,1,4,NA,1,1,NA,NA,NA,NA,NA,NA,NA,NA,NA,NA,NA,26,FALSE,NA,NA,NA,NA,NA,NA,NA,NA,NA,NA,NA,NA,NA,NA,NA,NA,NA,NA,NA,NA,NA,NA,NA,NA,NA,NA,NA,NA,NA,NA,NA,NA,NA,NA,NA,NA,NA,NA,NA,NA,NA,NA,NA,NA,NA,NA,NA,NA,NA,NA,NA,NA,NA,NA,3,2,4,3,3,1,6,6,6,5,6,4,1,3,4,3,3,3,1,1,1,1,1,5,5,6,6,2,4,South Africa,1,1,5,1,1,1,1,6,3,6,2,3,7,2,6,3,NA,NA,NA,NA,NA,NA,NA,NA,NA,NA,NA,NA,NA,NA,NA,NA,NA,NA,NA,NA,NA,NA,NA,NA,NA,NA,NA,2,1,1,3,4,2,1,6,0,142,8.716066666666666,NA,NA,FALSE,FALSE,NA,NA,NA,NA,NA,0,NA,film-perfo
livestream,0,04,sub-on004,NA,1,1,NA,NA,NA,NA,31,1,1,1,4,2,1,7,4,5,7,5,5,5,7,4,4,7,6,7,7,5,4,4,1,3,7,1,4,6,7,7,4,7,6,7,7,7,7,6,7,7,6,7,7,7,7,6,6,7,7,7,7,6,7,6,5,1,4,5,1,1,5,5,1,1,5,1,4,5,4,4,4,2,2,7,6,NA,NA,4,NA,NA,1,1,1,NA,1,NA,NA,NA,NA,NA,NA,NA,NA,NA,NA,NA,NA,29,FALSE,NA,1,2,4,3,4,1,emotional,sad,thought provoking,inustice,hurt,innocent,prejudice,music,jail,poetic,7,7,7,6,7,7,7,7,3,5,7,5,4,5,7,7,7,7,7,7,7,7,6,7,7,7,7,4,6,5,7,1,6,7,6,6,5,1,3,4,4,4,1,7,6,7,7,7,7,1,7,5,6,7,3,3,3,5,7,7,7,7,7,6,6,6,South Africa,2,4,7,7,3,3,3,3,3,7,4,7,7,6,7,7,6,7,7,6,6,7,6,7,6,6,6,7,6,6,7,6,6,5,6,6,1,-9,3,6,5,7,7,1,1,4,4,4,1,5,4,1,29,3.5470166666666665,2.5471666666666666,3.7152,FALSE,FALSE,FALSE,FALSE,FALSE,FALSE,NA,0,NA,film-perfo
livestream,0,05,sub-on005,NA,1,1,NA,NA,NA,1,28,1,1,1,4,3,2,4,2,2,3,1,2,4,2,2,6,4,6,5,6,4,5,5,1,3,5,2,6,3,1,7,1,5,2,1,7,5,4,1,3,5,1,1,7,4,1,5,4,1,7,1,1,2,4,1,4,4,3,3,5,5,4,4,5,4,5,2,4,4,3,5,4,2,2,1,5,NA,NA,NA,NA,NA,NA,1,5,i didn't get a ticket,1,NA,NA,1,NA,NA,NA,NA,NA,NA,NA,NA,NA,28,FALSE,1,4,3,3,3,3,2,unique,creative,artistic,a bit weird,simple,enjoyable,positive,relaxing,just,smart,4,7,5,6,5,3,1,4,5,1,3,7,6,6,7,7,5,7,7,7,6,6,5,6,6,6,5,6,7,6,7,6,5,6,5,5,5,4,2,4,4,3,1,5,7,5,7,5,5,1,4,4,2,2,1,6,7,6,7,7,6,7,7,7,6,6,Germany,1,5,7,7,7,6,7,7,7,7,3,7,7,5,5,5,2,5,7,5,6,6,6,5,5,6,6,5,5,1,5,6,5,2,5,5,1,14,1,7,7,7,7,2,2,3,4,3,2,2,7,-9,25,5.019633333333333,2.6809,3.43155,FALSE,FALSE,FALSE,FALSE,FALSE,FALSE,TRUE,NA,NA,film-perfo
livestream,0,06,sub-on006,NA,1,1,NA,NA,NA,NA,24,1,1,1,1,1,1,1,3,6,7,1,7,1,7,4,3,6,3,6,4,4,5,2,2,0,5,2,5,1,6,7,2,6,6,4,2,2,5,5,3,6,4,4,5,5,2,6,6,4,2,3,4,1,6,4,4,2,2,5,1,3,4,3,3,2,4,2,2,4,5,3,3,1,2,3,3,NA,NA,4,NA,NA,NA,1,4,NA,1,NA,NA,1,NA,NA,NA,NA,NA,NA,NA,NA,NA,29,FALSE,NA,4,2,2,1,1,1,Shooking,Tense,Musical,Backstory,Sad,Worrying,Injustice,Timeless,Prison,Change,7,7,5,7,6,5,1,6,4,2,2,5,5,4,2,1,1,6,7,7,1,7,1,7,5,3,7,5,6,3,6,2,6,6,4,7,4,4,1,2,2,1,1,7,7,5,6,6,4,1,6,6,3,4,2,2,4,5,1,1,1,6,6,6,1,6,Portugal,1,1,6,5,1,6,4,6,3,6,2,6,6,4,7,4,1,3,7,4,6,5,5,6,5,7,4,5,7,4,6,7,4,3,5,5,1,8,2,7,7,7,7,3,1,2,3,2,1,4,1,1,31,3.2091833333333333,2.2449,4.035533333333333,FALSE,FALSE,FALSE,FALSE,FALSE,FALSE,NA,0,NA,film-perfo
livestream,0,07,sub-on007,NA,1,1,1,1,NA,NA,23,1,1,1,1,1,2,3,4,6,4,5,1,4,5,6,7,5,6,7,5,5,5,5,2,1,4,3,4,5,6,7,4,6,3,2,7,4,4,3,6,4,4,5,5,5,4,5,6,4,5,4,5,2,7,4,3,1,2,5,5,4,4,3,4,2,3,1,4,4,5,3,4,2,4,1,-9,1,NA,NA,NA,NA,NA,1,1,NA,1,1,NA,NA,NA,NA,NA,NA,NA,NA,NA,NA,NA,27,FALSE,NA,4,2,1,1,1,3,confusing,catchy,long,NA,NA,NA,NA,NA,NA,NA,3,4,4,5,4,1,1,2,7,1,1,3,3,4,4,5,2,4,7,5,4,6,4,6,6,5,4,6,4,5,7,5,6,6,1,6,3,4,1,1,2,2,2,4,4,5,6,4,2,1,5,6,2,2,2,3,4,5,2,5,2,4,7,5,4,5,South Africa,1,2,5,5,5,4,6,6,5,6,4,7,6,1,7,4,4,4,6,3,6,4,3,4,2,5,4,3,6,4,7,7,4,5,4,4,1,-9,NA,NA,NA,NA,NA,2,1,1,4,4,1,2,4,0,42,3.8246166666666666,2.6285666666666665,NA,FALSE,FALSE,FALSE,FALSE,NA,NA,NA,0,NA,film-perfo
livestream,0,08,sub-on008,lost survey data after second stream,1,1,1,1,NA,1,51,1,1,1,2,2,3,4,5,6,5,3,4,4,6,5,6,4,4,5,5,4,2,2,0,1,3,3,6,4,5,7,4,7,4,4,6,5,6,4,5,7,3,4,6,6,3,7,7,5,3,5,6,4,5,4,2,4,2,3,2,3,4,4,2,3,4,2,2,3,3,3,3,1,2,2,5,NA,NA,4,NA,NA,NA,1,5,though i did not buy any ticket. i will watch online,1,1,NA,NA,NA,NA,NA,NA,NA,NA,NA,NA,NA,24,FALSE,1,NA,NA,NA,NA,NA,NA,NA,NA,NA,NA,NA,NA,NA,NA,NA,NA,NA,NA,NA,NA,NA,NA,NA,NA,NA,NA,NA,NA,NA,NA,NA,NA,NA,NA,NA,NA,NA,NA,NA,NA,NA,NA,NA,NA,NA,NA,NA,NA,NA,NA,NA,NA,NA,2,2,3,2,3,2,6,7,6,6,7,3,1,6,4,2,2,2,5,5,4,3,2,4,5,6,6,5,6,Portugal,1,4,6,6,5,5,4,6,5,6,3,5,6,4,6,5,NA,NA,NA,NA,NA,NA,NA,NA,NA,NA,NA,NA,NA,NA,NA,NA,NA,NA,NA,NA,NA,NA,NA,NA,NA,NA,NA,3,3,2,2,2,3,2,3,0,136,4.978433333333333,NA,NA,FALSE,FALSE,NA,NA,NA,NA,TRUE,0,NA,film-perfo
livestream,0,09,sub-on009,lost survey data after second stream,1,1,NA,1,NA,1,55,1,1,1,3,5,3,2,5,6,6,5,2,6,7,5,4,5,2,6,4,3,4,4,0,1,0,1,4,5,6,7,4,6,6,4,5,4,5,5,6,5,4,5,6,4,4,5,5,5,3,6,6,5,5,4,3,3,3,4,2,3,3,3,2,2,3,2,2,3,3,2,2,2,2,4,-9,1,NA,NA,NA,NA,1,NA,4,NA,1,NA,3,1,NA,1,NA,NA,NA,NA,NA,NA,1,23,FALSE,NA,NA,NA,NA,NA,NA,NA,NA,NA,NA,NA,NA,NA,NA,NA,NA,NA,NA,NA,NA,NA,NA,NA,NA,NA,NA,NA,NA,NA,NA,NA,NA,NA,NA,NA,NA,NA,NA,NA,NA,NA,NA,NA,NA,NA,NA,NA,NA,NA,NA,NA,NA,NA,NA,2,1,3,2,3,1,5,5,5,4,6,5,1,3,4,2,2,2,3,4,5,4,3,3,5,6,6,5,5,South Africa,1,3,5,5,5,5,4,6,6,3,4,5,6,5,5,4,NA,NA,NA,NA,NA,NA,NA,NA,NA,NA,NA,NA,NA,NA,NA,NA,NA,NA,NA,NA,NA,NA,NA,NA,NA,NA,NA,2,1,3,3,3,1,2,3,1,138,8.962516666666666,NA,NA,FALSE,FALSE,NA,NA,NA,NA,NA,0,NA,film-perfo
livestream,0,10,sub-on010,NA,1,1,NA,NA,NA,NA,35,1,1,1,3,3,4,6,7,7,7,6,5,6,5,6,6,3,5,4,4,5,4,4,0,0,60,2,5,5,4,7,4,7,6,4,6,5,6,5,4,6,4,5,6,6,4,4,5,6,3,5,5,5,4,5,1,3,3,5,1,2,4,3,4,2,2,2,4,4,4,1,2,1,2,1,-9,NA,NA,4,5,NA,NA,1,5,NA,1,NA,NA,NA,NA,NA,1,NA,NA,NA,NA,NA,NA,28,FALSE,NA,2,1,3,2,2,1,Amazing,Informative,surparising,sad,Enjoy,Justice system faults awarance,Wrongful convictions rate,prison sentences,Music,Hand made Music instruments,5,5,4,5,4,4,1,3,5,3,3,5,4,6,1,7,6,5,6,6,5,5,4,5,4,4,2,4,2,2,4,4,5,5,4,4,5,2,1,4,3,2,1,6,6,4,5,6,3,1,3,4,1,3,1,5,3,4,1,7,6,5,5,5,6,5,Spain,1,4,5,3,3,2,3,2,2,4,5,5,5,5,4,5,4,5,5,3,6,6,4,6,4,5,4,4,5,4,5,4,4,3,4,6,1,10,1,6,7,6,6,2,1,3,2,3,1,1,7,-9,30,6.4549666666666665,3.9930833333333333,4.788883333333334,FALSE,FALSE,FALSE,FALSE,FALSE,FALSE,NA,0,NA,film-perfo
livestream,0,11,sub-on011,NA,1,1,NA,NA,NA,NA,21,1,1,1,4,2,1,3,2,3,2,1,1,1,2,2,1,2,1,3,2,5,5,5,1,3,0,2,2,2,5,6,3,7,4,4,6,5,5,5,3,6,1,4,5,3,1,2,5,4,2,3,4,3,2,4,5,1,1,3,5,4,4,3,2,1,3,1,2,4,5,2,2,2,2,1,2,1,NA,4,NA,NA,1,1,4,NA,1,NA,NA,NA,NA,NA,NA,NA,NA,NA,NA,NA,NA,28,FALSE,1,4,1,3,3,2,1,vibey,focused,uncanny sounds,They didn't do it!,free,good intentions,theatre,acts,power of music,trauma,5,6,5,5,4,4,2,3,5,6,6,5,6,6,5,3,5,1,6,5,2,4,1,4,5,2,5,1,6,2,7,5,3,7,5,5,4,2,2,2,3,3,1,4,6,6,6,6,4,1,4,4,6,6,6,4,5,5,2,4,4,2,6,5,2,3,Hungary,1,2,3,5,2,6,1,6,2,6,5,3,6,5,4,4,1,3,7,3,7,5,2,5,5,7,1,3,6,1,2,5,5,2,6,5,1,-9,2,6,7,7,7,3,3,2,1,3,3,2,4,1,28,4.159716666666666,3.1287333333333334,4.664816666666667,FALSE,FALSE,FALSE,FALSE,FALSE,FALSE,NA,0,NA,film-perfo
livestream,0,12,sub-on012,NA,1,1,NA,NA,NA,NA,22,1,1,1,2,2,3,4,5,7,7,4,5,3,5,5,5,5,3,6,4,5,3,2,0,4,2,-9,4,5,5,6,4,6,6,6,7,2,5,5,5,7,5,5,7,6,5,6,6,4,7,4,5,4,5,4,5,4,1,3,2,3,4,4,4,3,4,2,3,3,4,2,2,2,2,4,5,1,NA,4,NA,NA,1,1,6,NA,1,NA,3,NA,NA,NA,NA,NA,NA,NA,NA,NA,NA,27,FALSE,NA,2,2,3,3,3,1,NA,NA,NA,NA,NA,NA,NA,NA,NA,NA,7,7,7,7,5,3,5,7,4,1,1,3,3,4,1,4,6,6,7,7,7,7,3,7,1,1,7,5,7,4,7,1,5,7,4,5,4,1,1,3,3,3,1,6,6,5,4,5,4,1,6,4,2,3,1,3,3,4,1,3,5,5,7,7,5,5,South Africa,1,3,6,6,6,6,4,5,4,6,2,5,6,4,5,4,6,5,5,5,7,6,6,6,6,7,7,7,6,6,NA,NA,NA,NA,NA,NA,NA,NA,NA,NA,NA,NA,NA,1,1,3,3,3,1,2,3,1,59,4.3486666666666665,2.906633333333333,NA,FALSE,FALSE,FALSE,FALSE,NA,NA,NA,0,NA,film-perfo
livestream,0,13,sub-on013,lost survey data after second stream,1,1,1,1,1,NA,23,1,1,1,3,2,4,4,6,7,7,6,3,5,1,7,6,5,5,6,6,5,5,5,1,2,1,2,5,6,3,6,2,6,3,3,7,4,6,4,6,7,3,3,6,5,2,6,6,3,2,3,3,3,6,5,1,1,1,5,2,3,4,3,1,2,3,2,2,3,4,3,3,1,3,3,5,NA,NA,4,NA,NA,NA,1,5,NA,1,NA,3,1,NA,NA,NA,NA,NA,NA,NA,NA,NA,24,FALSE,NA,NA,NA,NA,NA,NA,NA,NA,NA,NA,NA,NA,NA,NA,NA,NA,NA,NA,NA,NA,NA,NA,NA,NA,NA,NA,NA,NA,NA,NA,NA,NA,NA,NA,NA,NA,NA,NA,NA,NA,NA,NA,NA,NA,NA,NA,NA,NA,NA,NA,NA,NA,NA,NA,3,1,2,2,1,1,5,6,6,7,6,4,1,5,4,3,3,3,3,3,4,1,6,1,5,6,6,4,2,South Africa,1,4,1,6,6,4,6,6,6,7,3,6,6,3,7,7,NA,NA,NA,NA,NA,NA,NA,NA,NA,NA,NA,NA,NA,NA,NA,NA,NA,NA,NA,NA,NA,NA,NA,NA,NA,NA,NA,2,1,3,3,1,1,1,5,0,139,6.15615,NA,NA,FALSE,FALSE,NA,NA,NA,NA,NA,0,NA,film-perfo
livestream,0,14,sub-on014,lost survey data after second stream,1,1,1,1,1,1,26,1,1,1,1,1,1,5,3,7,7,1,6,1,7,1,2,6,1,6,3,5,5,5,4,5,5,1,2,5,7,7,4,7,5,4,6,6,7,4,4,6,7,6,5,6,5,6,6,7,4,5,7,6,6,7,1,1,1,5,2,1,4,1,2,2,1,1,5,4,5,1,2,2,2,5,5,1,2,4,NA,NA,NA,NA,4,NA,1,1,3,NA,NA,1,NA,NA,NA,NA,NA,NA,NA,21,FALSE,NA,NA,NA,NA,NA,NA,NA,NA,NA,NA,NA,NA,NA,NA,NA,NA,NA,NA,NA,NA,NA,NA,NA,NA,NA,NA,NA,NA,NA,NA,NA,NA,NA,NA,NA,NA,NA,NA,NA,NA,NA,NA,NA,NA,NA,NA,NA,NA,NA,NA,NA,NA,NA,NA,1,1,4,4,4,1,6,7,7,6,5,4,1,7,4,6,6,7,2,2,3,1,3,5,4,7,7,1,7,South Africa,1,1,6,1,3,7,1,7,3,6,7,6,6,7,7,7,NA,NA,NA,NA,NA,NA,NA,NA,NA,NA,NA,NA,NA,NA,NA,NA,NA,NA,NA,NA,NA,NA,NA,NA,NA,NA,NA,1,1,4,4,4,1,2,4,1,135,3.6895333333333333,NA,NA,FALSE,FALSE,NA,NA,NA,NA,TRUE,0,NA,film-perfo
livestream,0,15,sub-on015,aborted during stream 2,1,1,1,1,1,NA,21,1,1,1,1,2,1,6,4,5,4,5,4,3,5,3,5,3,4,5,4,3,4,3,2,1,1,5,5,5,2,6,5,2,5,2,5,3,3,5,2,6,2,2,6,5,2,4,3,4,4,4,5,4,2,5,4,1,2,5,2,1,5,1,5,3,5,2,4,2,5,2,5,3,1,3,4,NA,NA,NA,NA,NA,NA,1,7,NA,1,NA,3,1,NA,NA,NA,NA,NA,NA,NA,NA,NA,25,FALSE,NA,NA,NA,NA,NA,NA,NA,NA,NA,NA,NA,NA,NA,NA,NA,NA,NA,NA,NA,NA,NA,NA,NA,NA,NA,NA,NA,NA,NA,NA,NA,NA,NA,NA,NA,NA,NA,NA,NA,NA,NA,NA,NA,NA,NA,NA,NA,NA,NA,NA,NA,NA,NA,NA,4,3,1,1,2,3,1,3,2,2,4,2,2,3,4,2,2,5,2,2,1,5,7,2,5,3,1,4,4,South Africa,1,6,1,4,5,2,4,6,4,6,2,5,2,6,3,4,NA,NA,NA,NA,NA,NA,NA,NA,NA,NA,NA,NA,NA,NA,NA,NA,NA,NA,NA,NA,NA,NA,NA,NA,NA,NA,NA,1,3,3,3,1,1,2,1,NA,145,1.7613333333333334,NA,NA,FALSE,FALSE,NA,NA,NA,NA,NA,0,NA,film-perfo
livestream,0,16,sub-on016,NA,1,1,NA,NA,NA,NA,25,1,1,1,4,4,4,4,5,7,7,5,4,5,7,6,6,5,4,6,5,5,5,5,3,1,1,2,6,3,6,7,4,6,5,4,6,3,6,5,6,5,3,4,5,6,5,5,5,5,4,5,5,5,6,5,1,1,1,5,1,3,4,3,3,1,3,1,4,5,5,1,3,2,6,2,3,NA,NA,4,NA,NA,NA,1,6,NA,1,NA,3,NA,1,NA,NA,1,NA,NA,NA,NA,NA,27,FALSE,1,2,1,3,2,2,1,Vibrant,Touching,Powerfull,Talented,Innovative,Different,Strong,Moving,Breath-taking,Intense,5,6,6,6,6,4,2,4,5,1,1,5,5,4,3,5,6,5,7,7,5,4,5,7,6,6,4,6,7,5,7,2,6,7,6,6,5,2,1,3,3,1,1,4,3,2,3,6,1,1,3,3,2,2,1,4,4,4,3,5,2,5,6,7,4,3,Portugal,1,3,7,4,4,3,4,6,4,7,4,6,6,5,6,5,5,6,7,5,6,5,5,7,6,7,5,5,7,6,7,7,6,4,7,5,1,-9,1,6,7,4,6,2,1,2,3,1,1,3,5,1,27,3.5879333333333334,3.0718,4.663633333333333,FALSE,FALSE,FALSE,FALSE,FALSE,FALSE,NA,NA,NA,film-perfo
livestream,0,17,sub-on017,aborted during stream 2,1,1,NA,NA,NA,NA,40,1,1,1,1,1,1,3,2,7,5,3,4,1,7,3,2,4,3,7,2,2,2,4,2,3,4,2,6,2,5,7,2,7,3,6,7,4,5,3,6,6,2,4,5,7,4,6,5,3,6,2,6,2,4,3,4,4,3,2,3,2,3,4,4,3,2,1,4,4,4,3,3,2,2,5,5,1,NA,4,NA,NA,NA,1,3,NA,1,1,NA,NA,NA,NA,NA,NA,NA,NA,NA,NA,NA,27,FALSE,NA,NA,NA,NA,NA,NA,NA,NA,NA,NA,NA,NA,NA,NA,NA,NA,NA,NA,NA,NA,NA,NA,NA,NA,NA,NA,NA,NA,NA,NA,NA,NA,NA,NA,NA,NA,NA,NA,NA,NA,NA,NA,NA,NA,NA,NA,NA,NA,NA,NA,NA,NA,NA,NA,4,3,2,2,1,1,2,2,2,2,2,1,1,2,4,1,1,1,1,1,1,1,7,2,2,6,6,1,2,Portugal,2,1,7,2,1,6,3,5,1,7,5,6,5,1,2,1,NA,NA,NA,NA,NA,NA,NA,NA,NA,NA,NA,NA,NA,NA,NA,NA,NA,NA,NA,NA,NA,NA,NA,NA,NA,NA,NA,4,1,3,3,3,2,1,6,NA,147,3.681033333333333,NA,NA,FALSE,FALSE,NA,NA,NA,NA,NA,NA,NA,film-perfo
livestream,1,01,sub-on101,NA,1,1,NA,NA,NA,NA,22,1,1,1,2,1,2,2,4,6,5,5,2,2,5,6,4,3,3,3,4,5,4,4,4,5,2,-9,6,6,5,7,3,6,3,4,5,5,5,4,6,7,6,5,6,6,5,4,5,6,3,6,4,4,6,4,1,2,2,4,2,4,4,3,2,1,3,2,4,5,4,1,2,3,2,3,4,1,NA,4,NA,1,NA,NA,5,NA,NA,NA,NA,NA,1,NA,NA,NA,NA,NA,NA,NA,NA,29,FALSE,NA,4,3,1,1,2,2,Heartfelt,Intense,Repetitive,Unique,Narrative,Convictional,NA,NA,NA,NA,3,4,4,2,5,4,1,2,6,6,6,2,2,1,1,1,4,3,6,6,6,2,4,6,5,6,2,2,3,5,5,4,6,6,3,6,5,4,2,2,2,2,2,3,3,2,5,4,2,1,3,5,6,6,5,1,1,3,1,1,3,3,6,5,5,4,Hong Kong,1,4,5,5,5,4,2,4,3,6,4,6,6,4,6,4,6,3,7,5,7,3,3,5,5,6,4,5,5,5,4,5,5,2,5,4,1,-9,1,6,6,5,6,3,2,2,2,1,1,1,1,NA,6,3.7902666666666667,1.8642166666666666,1.8191833333333334,FALSE,FALSE,FALSE,FALSE,FALSE,FALSE,NA,1,10,perfo-film
livestream,1,02,sub-on102,NA,1,1,NA,NA,NA,NA,24,1,1,1,2,2,2,7,7,7,7,6,1,7,6,7,6,4,3,6,6,4,3,4,0,0,5,3,6,5,5,7,5,6,6,4,7,2,5,5,4,7,4,4,7,7,4,5,5,6,5,4,5,3,3,4,4,4,4,3,3,4,4,3,2,2,3,3,2,3,2,2,2,2,3,2,4,NA,NA,4,NA,NA,1,1,5,NA,1,NA,3,1,NA,NA,NA,NA,NA,NA,NA,NA,NA,27,FALSE,1,3,3,3,3,3,2,emotive,stimulating,enlightening,memorable,different,unique,NA,NA,NA,NA,4,4,5,5,3,4,4,3,5,4,4,3,3,2,3,6,7,7,7,6,7,1,7,7,7,7,7,7,7,7,7,2,3,7,2,5,5,4,4,2,1,2,1,4,6,5,6,6,4,2,2,4,2,2,2,2,4,1,3,6,5,7,7,5,5,1,Canada,1,7,5,5,6,4,3,7,5,7,1,2,7,2,5,5,4,4,7,6,6,6,7,6,5,7,5,5,7,3,4,5,4,4,4,5,1,12,3,7,6,5,7,1,3,4,2,2,2,2,6,NA,5,4.58715,2.53955,2.0217833333333335,FALSE,FALSE,FALSE,FALSE,FALSE,FALSE,NA,NA,NA,perfo-film
livestream,1,03,sub-on103,NA,1,1,NA,NA,NA,NA,27,1,1,1,1,1,1,6,5,5,5,5,3,3,5,4,6,5,4,5,3,5,5,5,-4,-7,-7,1,4,6,6,7,4,6,5,5,7,6,5,3,4,5,5,5,5,5,4,5,4,4,3,4,5,3,3,3,5,5,4,4,1,3,4,4,2,3,3,2,3,4,4,3,2,3,4,6,5,NA,2,4,NA,1,NA,1,3,NA,NA,1,3,NA,NA,NA,NA,NA,NA,NA,NA,NA,NA,27,FALSE,NA,2,3,2,2,2,1,captivating,eye opener,important,entertaining,precise,informative,intelligent,proficient,great subject,worthwhile,5,6,6,5,5,4,1,3,5,3,4,2,2,1,1,4,5,4,5,5,5,6,3,5,6,5,5,4,5,3,7,6,6,5,4,4,5,3,1,2,1,2,1,5,4,6,3,5,4,1,3,6,2,2,2,3,5,3,1,4,6,3,5,6,4,3,India,1,1,6,5,4,5,4,4,2,6,3,5,6,4,4,6,1,4,6,2,6,4,4,5,2,5,1,5,6,6,6,4,5,3,6,5,1,20,3,7,6,7,7,2,1,3,3,3,1,1,4,0,1,21.575333333333333,5.69855,9.544066666666666,FALSE,FALSE,FALSE,FALSE,FALSE,FALSE,NA,0,NA,perfo-film
livestream,1,04,sub-on104,NA,1,1,1,1,NA,1,32,1,1,1,1,1,1,3,4,6,6,4,5,6,7,6,5,6,4,6,3,5,5,4,3,5,5,4,5,7,6,7,6,7,5,5,7,3,5,5,7,7,7,6,7,7,5,4,7,5,4,5,5,6,6,6,1,2,1,5,2,5,5,5,4,2,4,2,4,4,4,2,2,2,3,2,4,NA,NA,4,NA,NA,1,NA,6,NA,1,NA,NA,1,1,1,NA,NA,NA,NA,NA,NA,NA,25,FALSE,1,3,2,3,2,3,2,Intense,Provocative,Sad,Disturbing,Exciting,Though provoking,Sympathetic,NA,NA,NA,4,5,6,6,4,6,4,3,5,2,2,3,2,2,3,2,3,4,5,5,5,5,4,5,5,5,5,5,5,5,7,3,7,7,6,6,6,3,2,2,3,2,3,6,6,6,7,6,6,7,6,5,2,2,2,4,3,3,3,3,3,5,6,6,6,6,Mexico,1,5,6,5,5,5,5,5,5,7,2,7,7,6,7,6,7,6,7,5,7,5,5,6,6,7,7,6,6,6,5,7,6,4,5,6,1,10,2,7,6,7,7,3,2,2,1,3,2,3,7,0,44,3.763133333333333,2.302766666666667,4.152466666666666,FALSE,FALSE,FALSE,FALSE,FALSE,FALSE,NA,NA,NA,perfo-film
livestream,1,05,sub-on105,NA,1,1,NA,NA,NA,NA,32,1,1,1,1,1,1,6,4,6,6,6,5,3,7,4,6,5,6,6,6,4,2,2,0,1,1,3,6,5,5,7,4,6,5,5,7,6,2,3,6,6,5,5,5,5,5,5,5,5,5,5,5,2,2,2,2,2,2,3,2,3,4,3,1,2,3,2,2,3,3,2,2,1,2,1,2,1,NA,NA,NA,NA,1,1,4,NA,1,NA,NA,NA,1,NA,NA,NA,NA,NA,NA,NA,NA,29,FALSE,NA,4,4,1,2,2,4,two men,show,innocent people convicted,time in jail,justice,truth,percussion,lab,study,audience,1,1,1,1,5,1,1,1,7,4,5,1,1,1,1,1,6,6,6,6,6,6,6,6,6,6,6,6,6,7,6,5,6,5,1,1,1,4,4,1,2,1,4,2,2,2,2,6,1,1,1,6,4,4,4,1,1,1,1,1,6,5,6,6,5,6,Portugal,1,6,6,6,6,4,6,4,6,6,4,5,5,1,1,1,5,5,6,5,5,5,5,2,3,5,5,5,5,6,5,5,3,3,3,3,1,-9,3,6,6,6,6,3,1,2,3,2,1,1,1,0,46,2.74365,1.9601666666666666,2.2100166666666667,FALSE,FALSE,FALSE,FALSE,FALSE,FALSE,NA,0,NA,perfo-film
livestream,1,06,sub-on106,NA,1,1,NA,NA,NA,1,-1,1,1,1,1,1,1,7,5,7,6,7,1,6,6,6,6,1,5,5,5,4,3,3,0,1,5,-9,5,5,5,7,4,5,4,2,6,2,5,5,5,5,4,4,6,4,4,4,6,4,3,4,4,4,4,4,4,2,3,4,2,4,4,4,4,2,4,2,2,3,3,2,2,2,2,1,-9,NA,NA,4,NA,NA,1,1,5,NA,1,NA,NA,1,NA,NA,NA,NA,NA,NA,NA,NA,NA,28,FALSE,NA,4,1,1,2,1,1,repetitive,confusing,relaxing,surprising,emersive,unique,touching,NA,NA,NA,3,2,1,1,2,1,1,1,7,2,2,1,1,1,1,7,4,4,4,1,4,1,4,4,4,4,1,3,4,4,5,2,5,2,2,2,2,4,1,1,1,1,1,3,2,2,2,2,2,2,2,7,3,3,3,1,1,1,2,7,6,6,6,3,6,6,South Africa,1,4,4,4,4,4,4,4,4,6,2,2,6,6,3,3,4,4,4,4,5,4,4,4,4,4,4,4,4,4,5,5,5,2,3,4,0,1,3,5,5,5,5,2,1,1,2,2,1,2,7,-9,46,5.288516666666666,3.80945,2.7492,FALSE,FALSE,FALSE,FALSE,FALSE,FALSE,NA,0,NA,perfo-film
livestream,1,07,sub-on107,NA,1,1,NA,NA,NA,NA,25,1,1,1,1,2,5,2,6,5,4,1,2,1,3,4,7,2,7,2,7,3,5,5,0,5,0,1,5,2,3,5,2,6,5,6,3,1,1,2,5,3,1,1,1,4,1,2,1,2,2,1,2,1,1,1,1,5,2,4,2,1,3,5,5,2,2,1,4,5,4,1,2,3,1,1,1,NA,NA,NA,5,NA,NA,1,4,NA,1,1,NA,NA,NA,NA,NA,NA,NA,NA,NA,NA,NA,30,FALSE,NA,4,3,1,1,4,4,Boring,Benevolent,Thoughtful,Slow,Necessary,Helpful,Merciful,Alerting,Tenseful,Weird,1,1,1,2,1,1,1,1,7,5,2,1,1,3,1,7,1,1,1,3,7,1,1,1,4,3,2,5,2,6,6,1,7,6,2,2,1,4,1,1,1,4,4,4,5,4,5,6,2,1,3,7,2,2,1,1,3,7,4,5,2,6,4,5,3,4,Poland,1,3,3,5,2,2,6,4,3,7,1,7,7,1,1,1,4,2,5,2,3,4,3,1,1,2,1,1,1,1,1,1,2,5,4,2,0,8,2,7,7,7,7,3,3,1,1,2,4,1,4,1,48,4.4020166666666665,2.7000333333333333,4.51865,FALSE,FALSE,FALSE,FALSE,FALSE,FALSE,NA,0,NA,perfo-film
livestream,1,08,sub-on108,NA,1,1,NA,NA,NA,NA,52,1,1,1,2,2,2,4,3,4,4,5,2,3,4,2,3,4,2,4,4,4,4,3,0,0,1,2,1,4,3,6,4,4,4,5,4,4,5,4,5,5,4,4,5,5,3,4,6,2,3,2,3,3,4,2,2,1,4,4,2,3,4,4,3,2,3,2,3,4,4,2,2,1,3,2,5,NA,2,NA,NA,NA,1,1,4,NA,1,NA,NA,NA,NA,NA,NA,NA,NA,NA,NA,NA,NA,30,FALSE,NA,2,1,3,3,2,1,moving,intense,political,dramatic,abstract,agenda-driven,NA,NA,NA,NA,4,3,3,4,4,2,1,2,4,3,3,2,2,2,4,4,4,4,5,5,4,3,4,5,4,4,3,3,4,4,4,4,5,5,3,4,1,2,1,3,3,3,1,5,5,4,4,5,2,2,4,4,2,2,2,4,3,2,4,4,4,3,5,5,4,4,New Zealand,1,3,5,3,4,5,2,4,4,6,5,6,6,4,4,4,4,3,5,4,5,5,6,6,4,6,5,4,6,4,5,6,4,3,4,5,0,1,3,7,6,6,7,2,2,3,3,3,2,2,4,0,51,3.7998833333333333,2.8780166666666664,2.699316666666667,FALSE,FALSE,FALSE,FALSE,FALSE,FALSE,NA,NA,NA,perfo-film
livestream,1,09,sub-on109,NA,1,1,1,1,1,NA,32,1,1,1,2,2,1,2,3,1,1,1,1,2,4,4,1,1,1,1,1,5,5,5,2,5,0,1,1,1,7,7,1,7,7,7,7,1,1,1,7,7,1,6,7,5,1,7,4,6,7,7,1,4,5,1,1,1,1,4,1,1,5,1,2,1,1,1,5,5,3,1,1,3,3,1,-9,1,2,NA,NA,NA,NA,1,7,NA,1,1,NA,NA,NA,NA,NA,NA,NA,NA,NA,NA,NA,26,FALSE,NA,1,1,3,3,4,1,enigmatic,liberating,structured,polyrythmic,pragmatic,interesting,new,relevant,psychological,rudimentary,5,5,1,7,7,1,1,5,4,1,1,2,2,1,2,1,1,2,3,1,2,1,1,2,3,1,1,1,1,3,7,1,7,7,4,5,1,1,2,3,3,4,1,3,3,1,2,7,1,1,2,5,4,4,1,1,1,1,2,1,1,2,3,1,1,1,Mexico,1,3,3,4,1,1,2,1,1,7,1,7,7,3,4,1,6,7,7,1,7,7,7,1,4,7,1,5,5,1,7,7,1,7,1,1,1,5,2,6,5,7,7,1,1,2,3,3,1,2,1,0,43,4.880766666666666,3.5919333333333334,4.003583333333333,FALSE,FALSE,FALSE,FALSE,FALSE,FALSE,NA,0,NA,perfo-film
livestream,1,10,sub-on110,NA,1,1,NA,NA,NA,NA,27,1,1,1,2,2,2,3,4,5,4,4,2,4,4,5,5,4,5,4,5,5,4,3,0,0,1,1,2,5,7,6,5,7,5,6,7,5,4,4,7,6,4,4,6,6,6,6,7,6,4,5,4,1,2,1,2,3,1,3,3,5,5,5,1,3,5,2,2,3,4,5,5,1,2,2,-9,NA,NA,NA,NA,NA,NA,NA,6,Prolific study,1,NA,NA,NA,1,NA,NA,1,NA,NA,NA,NA,NA,30,FALSE,NA,2,2,3,3,2,2,Percurssive,Unique,Attention-grabbing,Interesting,Poignant,NA,NA,NA,NA,NA,6,7,4,4,7,5,1,7,4,2,1,2,3,2,2,4,3,4,5,4,5,2,4,5,6,4,5,5,5,4,7,5,7,6,1,2,1,2,2,3,3,2,2,5,6,4,6,6,4,2,4,5,1,1,1,3,3,2,2,4,4,5,6,5,5,3,Portugal,1,5,5,6,5,5,4,5,5,7,4,7,6,4,2,1,5,7,7,6,7,5,5,1,2,6,6,5,7,6,6,6,5,5,6,4,0,0,2,7,6,3,6,2,3,2,2,2,2,1,3,0,52,3.727883333333333,2.62125,3.7834,FALSE,FALSE,FALSE,FALSE,FALSE,FALSE,NA,NA,NA,perfo-film
livestream,1,11,sub-on111,NA,1,1,1,1,NA,1,-1,1,1,1,3,2,2,6,2,4,1,5,4,4,5,6,5,4,5,3,2,5,4,4,1,3,3,3,5,3,2,5,5,7,6,5,7,2,5,7,7,5,4,5,4,7,5,7,6,5,3,4,6,4,7,5,5,4,5,3,2,1,3,4,4,4,3,2,4,3,3,2,2,2,3,3,6,NA,2,4,NA,NA,1,NA,5,NA,1,NA,3,NA,1,1,NA,1,NA,NA,NA,NA,1,22,FALSE,NA,2,2,3,3,2,2,Amazing,So sad,The music was incredible,Powerful,The play is dramatic,Darkness,The message is clear,I thought about human rights,Emotional,I love the performance,6,7,6,6,7,4,4,6,4,1,1,5,5,4,4,6,7,6,6,4,5,4,3,4,4,3,3,5,6,5,7,5,5,5,5,7,5,3,1,2,2,2,3,6,6,5,6,7,NA,2,5,5,2,1,1,5,6,5,2,7,7,6,7,6,6,6,Mexico,1,3,6,6,5,4,7,6,5,7,5,5,6,6,7,6,5,3,6,7,7,6,7,7,6,7,6,7,7,5,6,7,6,3,6,7,1,7,2,7,7,7,6,2,1,3,3,1,2,3,6,1,38,11.121216666666667,5.033933333333334,6.5277,FALSE,FALSE,FALSE,FALSE,FALSE,FALSE,NA,NA,NA,perfo-film
livestream,1,12,sub-on112,NA,1,1,NA,NA,NA,1,23,1,1,1,6,7,3,5,7,7,7,1,5,3,7,7,7,4,7,7,4,5,5,5,3,5,3,2,5,1,7,7,5,7,7,7,7,3,7,6,7,7,7,5,7,7,7,7,7,7,6,6,7,7,7,7,1,1,1,5,1,2,5,2,5,1,4,1,5,5,5,1,5,2,3,3,6,NA,2,4,NA,NA,NA,1,7,NA,1,1,3,NA,NA,NA,NA,NA,NA,NA,NA,NA,NA,27,FALSE,1,3,1,4,3,4,1,Incredible,Amazing,Interesting,Captivating,Engaging,Memorable,NA,NA,NA,NA,7,7,7,7,6,3,1,7,5,4,3,4,6,6,3,1,7,7,7,7,7,7,7,7,7,4,3,6,6,4,7,3,7,7,7,7,7,4,1,4,2,3,1,7,7,7,7,7,4,7,7,4,5,3,1,4,5,6,2,1,1,4,7,7,7,5,South Africa,1,1,7,7,7,2,7,7,2,7,7,7,7,7,7,7,7,7,7,6,7,7,7,7,7,7,7,7,7,7,7,7,7,7,7,7,1,-9,3,7,7,7,7,1,1,4,4,4,1,3,7,1,46,3.2882666666666664,2.385466666666667,2.968366666666667,FALSE,FALSE,FALSE,FALSE,FALSE,FALSE,TRUE,0,NA,perfo-film
livestream,1,13,sub-on113,NA,1,1,1,NA,NA,NA,28,1,1,1,2,2,2,2,5,6,5,2,4,2,6,6,3,2,4,6,4,5,4,4,4,5,3,1,4,5,6,6,3,6,6,6,5,4,4,5,5,6,4,5,5,5,3,4,5,4,3,5,4,4,6,5,2,2,2,2,2,2,4,3,3,4,3,2,3,3,4,2,2,3,3,3,4,NA,2,4,NA,NA,NA,NA,5,NA,1,NA,NA,1,NA,1,NA,NA,NA,NA,NA,NA,NA,28,FALSE,NA,2,3,2,2,3,2,alarming,heart-breaking,desperation,anguish,maddening,truth is like a knife,life is sometimes unfair,anxious and discorncerted,hopeless,fight or give up,5,4,4,5,4,5,4,3,5,3,2,3,3,4,3,3,3,5,5,5,4,3,5,5,5,5,4,5,4,5,5,4,5,6,4,6,5,3,2,3,2,2,2,6,5,5,6,5,5,3,4,4,1,1,1,4,6,5,4,4,1,3,6,6,6,6,Mexico,1,5,6,6,5,5,4,6,4,6,3,6,7,5,6,5,3,5,7,5,5,6,5,3,4,6,4,5,5,4,6,5,4,6,5,5,1,9,1,6,7,5,7,2,2,3,3,2,1,2,3,0,45,6.970883333333333,4.443866666666667,7.604633333333333,FALSE,FALSE,FALSE,FALSE,FALSE,FALSE,TRUE,0,NA,perfo-film
livestream,1,14,sub-on114,NA,1,1,1,1,1,1,56,1,1,1,3,3,4,1,5,6,5,2,6,5,6,4,4,6,6,6,4,4,4,5,0,5,3,3,5,6,6,7,6,7,5,4,7,4,5,5,5,7,6,5,7,6,6,6,5,5,6,5,6,6,6,5,2,2,2,5,2,4,5,4,4,1,4,1,4,5,4,2,2,2,2,5,6,NA,NA,4,NA,NA,1,1,6,NA,1,NA,3,NA,NA,NA,NA,NA,NA,NA,NA,NA,NA,25,FALSE,NA,3,1,3,3,3,1,alternative,Progressive,Thought-provoking,Interesting,Informative,Unusual,Repetitive,Consiousness,NA,NA,4,6,4,5,7,2,1,5,5,2,2,5,4,5,3,5,3,5,6,5,5,5,5,6,5,5,6,6,6,4,7,3,5,6,6,6,5,4,2,2,2,3,2,5,6,5,6,7,1,1,6,4,1,1,1,4,4,5,3,4,5,6,7,7,5,6,Mexico,1,5,7,5,4,7,4,6,3,7,3,5,6,6,7,5,6,6,7,5,6,5,5,5,5,7,5,4,6,4,5,6,4,6,5,4,0,5,3,6,7,4,6,1,1,3,3,4,1,3,5,0,42,5.416933333333334,3.4148666666666667,5.4596833333333334,FALSE,FALSE,FALSE,FALSE,FALSE,FALSE,NA,NA,NA,perfo-film
livestream,1,15,sub-on115,aborted at intermission,1,1,1,NA,NA,1,21,1,1,1,1,1,1,2,5,3,2,4,1,2,2,4,4,1,1,1,4,4,4,4,2,1,1,3,4,5,5,5,3,5,5,5,2,2,4,4,6,6,6,6,6,6,6,6,6,3,7,3,6,3,4,3,2,2,2,3,2,3,4,4,4,4,4,2,3,4,4,3,4,2,3,3,5,1,NA,NA,NA,NA,1,1,5,NA,1,NA,NA,NA,NA,NA,NA,NA,NA,NA,NA,NA,NA,27,FALSE,NA,2,3,2,2,1,1,NA,NA,NA,NA,NA,NA,NA,NA,NA,NA,5,5,4,5,4,5,1,5,4,2,3,2,2,1,1,1,2,3,3,2,2,2,3,3,4,4,3,3,4,4,6,2,6,1,4,4,2,NA,NA,NA,NA,NA,NA,NA,NA,NA,NA,NA,NA,NA,NA,NA,NA,NA,NA,NA,NA,NA,NA,NA,NA,NA,NA,NA,NA,NA,Mexico,1,NA,NA,NA,NA,NA,NA,NA,NA,NA,NA,NA,NA,NA,NA,NA,NA,NA,NA,NA,NA,NA,NA,NA,NA,NA,NA,NA,NA,NA,NA,NA,NA,NA,NA,NA,NA,NA,NA,NA,NA,NA,NA,3,2,2,2,1,2,1,2,NA,162,2.978683333333333,NA,NA,FALSE,FALSE,NA,NA,NA,NA,NA,0,NA,perfo-film
