group,age,vision,hearing,naive,target_describe1,target_describe2,target_describe3,target_describe4,target_describe5,target_describe6,target_describe7,target_describe8,target_describe9,target_describe10,base_target_pd2,base_target_ec1,base_target_pd3,base_target_pd4,base_target_ec5,base_target_ec2,base_target_ec6,base_target_pd5,base_target_pd6,base_target_ec3,base_target_pd1,base_target_pd8,base_target_pd7,base_target_ec4,base_ios_target,base_ios_john,base_ios_allen,base_ios_anna,base_ios_inperson,base_ios_remote,base_anna_pd5,base_anna_ec6,base_anna_pd7,base_anna_ec1,base_anna_ec5,base_anna_pd8,base_anna_ec4,base_anna_ec2,base_anna_pd1,base_anna_pd2,base_anna_pd4,base_anna_pd3,base_anna_ec3,base_anna_pd6,base_nam4,base_nam5,base_tpb10,base_tpb2,base_tpb12,base_tpb3,base_tpb8,base_tpb9,base_tpb4,base_nam3,base_nam12,base_tpb7,base_nam10,base_nam2,base_tpb14,base_nam9,base_tpb13,base_tpb5,base_nam11,base_tpb1,base_tpb11,base_nam6,base_tpb6,base_nam1,base_nam8,base_nam7,base_tpb15,base_emotion1,base_emotion4,base_emotion2,base_emotion5,base_emotion3,base_emotion6,post_emotion1,post_emotion2,post_emotion6,post_emotion4,post_emotion3,post_emotion5,post_describe1,post_describe2,post_describe3,post_describe4,post_describe5,post_describe6,post_describe7,post_describe8,post_describe9,post_describe10,post_concentration,post_moved,post_tears,post_enjoy,post_interest,post_chills,post_reengage,post_insight,post_duration,post_immersion5,post_immersion2,post_immersion3,post_immersion1,post_immersion4,time_elapsed_post_targetdescription,rt_post_targetdescription,post_target_ec6,post_target_pd4,post_target_pd1,post_target_pd8,post_target_ec2,post_target_pd7,post_target_pd3,post_target_pd5,post_target_ec4,post_target_pd2,post_target_ec1,post_target_ec5,post_target_ec3,post_target_pd6,post_ios_target,post_ios_john,post_ios_allen,post_ios_anna,post_ios_inperson,post_ios_remote,post_anna_ec2,post_anna_pd1,post_anna_pd8,post_anna_ec4,post_anna_pd7,post_anna_pd6,post_anna_ec6,post_anna_ec1,post_anna_pd4,post_anna_ec3,post_anna_pd2,post_anna_ec5,post_anna_pd5,post_anna_pd3,post_nam3,post_tpb12,post_nam10,post_nam5,post_tpb7,post_nam2,post_tpb9,post_nam12,post_tpb10,post_tpb2,post_tpb8,post_tpb4,post_nam4,post_tpb3,post_nam11,post_tpb15,post_nam1,post_nam9,post_tpb5,post_tpb11,post_nam7,post_tpb14,post_tpb1,post_nam6,post_tpb13,post_nam8,post_tpb6,time_elapsed_post_sendingdata,rt_post_sendingdata,post_donation.x,post_donation.y,mailing,donation_noclick,resource_click,resource_noclick,donation_click,aesthemos8,aesthemos2,aesthemos9,aesthemos20,aesthemos6,aesthemos1,aesthemos17,aesthemos15,aesthemos7,aesthemos3,aesthemos18,aesthemos13,aesthemos11,aesthemos14,aesthemos12,aesthemos5,aesthemos10,aesthemos19,aesthemos16,aesthemos4,aesthemos21,aesthemos25,aesthemos23,aesthemos32,aesthemos22,aesthemos24,aesthemos36,aesthemos38,aesthemos29,aesthemos28,aesthemos30,aesthemos31,aesthemos40,aesthemos27,aesthemos42,aesthemos34,aesthemos37,aesthemos41,aesthemos35,aesthemos26,aesthemos39,aesthemos33,lmms_escapism1,lmms_novelty2,lmms_escapism2,lmms_novelty1,lmms_novelty3,lmms_escapism3,social_presence1,physical_presence4,physical_presence1,physical_presence2,physical_presence3,social_presence3,social_presence2,speaker,video_fluency,camera_frame,video_quality,sound_quality,open6,open4,open1,open12,open11,open8,caffeine,exercise_stren,exercise_moderate,exercise_mild,exercise_sweat,omsi,familiarity,liking,income,education,identity4,identity2,identity6,identity3,identity-1,identity1,experience-1,experience2,experience1,experience3,experience-9,politics,hypotheses_check,feedback,toofast_pre,tooslow_pre,toofast_post,tooslow_post,base1_2_skipped,post2_skipped,post3_3_skipped,post7_skipped,post9_skipped,base1_4_skipped,base1_7_skipped,base1_3_skipped,base1_5_skipped,base1_6_skipped,base1_8_skipped,post4_skipped
group_perf,37,1,1,1,friendly,funny,self-depricating,carpenter,overalls,NA,NA,NA,NA,NA,3,3,4,4,2,3,3,3,4,2,4,3,3,3,1,1,1,1,3,4,4,5,5,5,3,5,5,5,4,4,4,4,3,4,4,4,4,5,4,5,5,4,6,3,4,3,5,4,5,4,4,4,4,5,3,4,4,5,5,4,2,2,2,3,3,3,2,2,2,2,3,3,3,moving,artsy,interpretive,important,advocacy,impactful,NA,NA,NA,NA,5,5,2,4,5,4,4,5,5,5,6,5,6,5,5489362,8766,5,4,4,5,4,4,5,5,5,4,6,4,4,5,2,2,2,2,2,2,5,4,6,6,5,6,5,6,5,5,5,4,5,6,3,4,5,4,4,5,5,4,4,6,5,6,5,6,5,3,6,4,4,4,5,5,5,4,4,6,5,NA,NA,NA,0,0,0,TRUE,NA,NA,5,4,5,5,5,5,5,4,4,4,4,5,4,4,3,4,4,3,5,4,4,3,3,4,4,4,4,4,5,4,3,4,5,4,3,5,3,4,3,4,3,2,6,6,6,6,6,6,6,5,5,6,6,6,5,1,7,7,6,6,2,4,2,4,4,5,8,0,3,3,2,2,3,4,2,5,1,NA,NA,NA,NA,NA,1,NA,NA,NA,NA,3,how engaged and impacted we were physiologically,great experience,FALSE,FALSE,NA,NA,1,1,1,1,1,NA,NA,NA,NA,NA,NA,NA
group_perf,23,1,1,1,Friendly,Nerdy,Anxious,Keep to themselves,Goes to college,Likes hockey,Larger deminor,Pimply face,Loves wearing sports jerseys,Plays disc golf,1,6,1,3,2,2,2,3,5,3,2,4,4,5,1,3,4,1,4,2,1,3,2,4,1,1,2,1,1,1,1,1,2,4,7,4,5,5,3,6,3,4,5,4,3,5,6,5,5,5,2,5,4,4,3,3,4,5,2,6,3,1,3,2,4,2,1,3,2,1,4,2,3,Rythmic,Creative,Enlightening,Percussive,Justice,Reconciliation,Healing,Pain,Guily,Free,7,5,1,6,6,3,5,5,5,6,5,5,7,6,5225829,9042,4,4,2,2,2,4,1,4,5,4,6,3,2,3,2,6,5,3,4,6,2,2,2,5,3,4,3,6,3,3,4,3,4,3,3,5,6,5,5,6,4,6,5,6,2,7,6,5,5,4,7,3,5,3,5,6,6,5,6,5,7,NA,NA,NA,0,1,0,NA,0,NA,3,3,2,6,6,3,1,3,5,2,4,7,2,4,1,6,5,2,3,6,5,1,1,3,4,3,4,6,5,4,1,4,2,2,1,4,2,2,1,5,2,3,6,5,7,5,5,6,3,5,6,6,5,7,5,2,5,6,4,7,2,5,1,4,2,5,-9,1,3,6,1,3,4,5,3,4,NA,1,NA,NA,NA,NA,1,NA,NA,NA,NA,5,How your eye tracking software works in a live performance setting online possibly?,I found the experience quite interesting and really enjoyed the rhythmic percussion parts!,FALSE,FALSE,NA,NA,NA,NA,NA,NA,NA,NA,NA,NA,NA,NA,NA,NA
group_perf,27,1,1,1,Tall,friendly,polite,Slim,outgoing,curious,long hair,soft spoken,approachable,reserved,1,7,2,1,6,7,7,1,4,7,2,2,2,7,5,4,NA,4,6,5,5,7,2,7,5,2,7,7,1,1,2,2,6,2,6,5,6,6,6,6,4,7,7,7,6,5,7,7,6,6,6,6,NA,7,4,5,6,6,6,6,7,2,4,1,1,3,1,3,2,1,2,2,1,unhappy,injustice,government,law,right,investigation,guilty,free,released,just,7,7,3,5,6,6,4,6,5,6,6,7,6,6,5635018,9345,6,2,2,2,7,5,3,5,7,2,7,6,7,4,5,6,6,5,6,6,6,2,2,7,2,3,7,7,1,7,1,7,3,3,6,7,6,6,6,7,7,6,7,6,7,6,6,6,6,6,6,6,6,6,6,6,7,6,6,7,5,NA,NA,NA,1,0,0,NA,0,NA,2,5,3,3,3,4,2,4,4,3,4,6,4,5,2,6,6,3,3,3,6,1,5,3,2,3,7,6,4,4,4,2,3,3,3,6,2,7,1,4,3,2,5,6,5,5,6,5,6,6,6,6,6,6,5,2,5,6,7,7,2,5,2,5,3,5,-9,0,2,5,2,2,5,6,4,6,NA,1,NA,NA,NA,NA,1,NA,NA,NA,NA,2,Physiological activity and behaviour during a live shared concert experience.,None,FALSE,FALSE,NA,NA,NA,NA,NA,NA,NA,1,1,NA,NA,NA,NA,NA
group_film,44,1,1,1,always saying the climate is very good,always sitting beside our home and smoking,always creating problems to the pedestrians with thier smoke,he never shave their face,he dont care anyone i guess,he like to do gardening,he stays away from his real spouse,he has some disputes on his house regarding selling,he has a job which i dont know eventhough he is my neighb,he is very close to me as neighbour but i dont know anything about me,7,7,4,4,5,7,1,7,4,4,4,1,7,7,2,1,1,1,7,5,1,1,1,1,1,1,4,1,4,1,1,1,7,1,7,4,4,7,7,7,4,7,7,7,4,7,7,7,7,7,7,7,7,7,7,7,7,7,7,7,7,1,4,1,4,4,1,4,2,3,1,2,4,too long,tiresome,informative,borring,time taking,sedentary,paining,intellctual,awesom,inspiring,5,1,4,4,4,1,7,4,7,5,3,5,3,5,6458215,13425,1,4,7,7,1,4,7,7,7,7,7,4,7,7,2,2,2,2,7,5,7,1,7,7,1,7,7,7,7,7,1,7,1,7,4,6,7,6,7,7,7,7,7,4,7,7,7,7,6,6,6,5,5,5,6,6,6,5,5,5,6,6758645,6569,NA,0,1,0,TRUE,NA,NA,7,1,4,1,7,7,7,1,7,4,7,4,1,4,1,7,7,7,4,1,7,1,7,1,1,7,1,1,7,1,1,1,1,1,1,1,1,1,4,5,1,1,1,5,4,5,5,1,7,7,7,7,7,7,1,2,7,5,7,7,3,5,2,5,1,4,1,1,1,1,2,1,2,5,5,5,NA,NA,1,NA,NA,NA,NA,1,NA,NA,NA,2,Unjustified legal proceedings,Nil,FALSE,FALSE,FALSE,FALSE,NA,NA,NA,NA,NA,NA,NA,NA,NA,NA,NA,NA
group_film,-9,1,1,1,black,glasses,long hair,friendly,casual,average height,well dressed,employed,funny,talkative,4,3,4,3,3,3,2,7,6,3,6,4,4,5,3,4,1,2,1,3,6,3,4,3,2,5,3,3,6,4,4,4,3,5,6,4,5,5,4,6,3,6,6,2,4,5,4,6,3,4,3,2,4,5,2,4,6,5,4,3,3,2,3,1,1,3,1,2,1,1,3,1,1,Unique,Musical,Informing,Heartbreaking,Disillusionment,Realistic,Artistic,Interesting,Soulful,Meaningful,6,3,1,3,3,1,1,4,5,4,4,4,2,6,6011783,11602,4,4,5,4,3,3,4,7,3,5,3,3,3,5,3,3,1,2,2,4,3,6,4,3,3,6,4,4,5,3,4,3,6,4,2,5,4,4,2,6,6,4,4,5,2,6,6,6,4,3,7,4,4,2,4,3,5,4,2,3,6,6425945,5171,NA,0,0,0,NA,0,NA,1,2,1,1,3,2,1,4,1,1,1,3,3,4,1,2,5,3,1,3,2,1,3,4,4,2,2,2,5,1,1,2,1,1,1,3,4,2,4,2,1,3,5,2,5,5,4,2,2,4,3,5,4,5,2,2,7,7,7,7,5,5,5,5,1,5,-9,0,0,9,1,2,4,-9,1,2,NA,1,NA,NA,NA,NA,1,NA,NA,NA,NA,3,No idea,N/A,FALSE,FALSE,FALSE,FALSE,NA,NA,NA,NA,NA,NA,NA,NA,NA,NA,NA,NA
group_film,25,1,1,1,Blonde,Tall,Likes dogs,Friendly,Warm,Welcoming,Smiley,Cheerful,Long hair,Likes exercise,6,6,5,5,6,6,5,7,5,2,5,5,6,6,3,1,1,2,2,2,6,6,5,6,6,5,6,6,5,6,6,5,2,5,5,4,2,5,2,6,4,4,6,4,4,5,5,7,5,4,4,4,4,6,6,4,6,6,4,4,4,3,2,3,3,2,3,4,2,2,3,3,2,Powerful,Informative,Involving,Coherent,Engaging,Communicative,Inspiring,Explorative,Healing,Eventful,5,5,1,5,5,1,4,6,6,6,5,5,5,5,6126953,5596,5,5,5,5,5,5,5,6,6,5,6,5,2,5,3,3,3,3,3,3,5,5,5,6,5,5,6,6,5,5,6,5,6,5,4,4,5,4,4,7,2,4,4,4,6,7,6,7,4,4,7,4,6,6,4,4,6,4,4,4,6,6592060,4508,NA,NA,0,0,NA,0,NA,5,4,5,4,5,5,4,5,5,5,4,6,4,5,2,5,5,4,4,4,4,4,5,5,5,4,5,5,3,4,6,4,5,5,3,6,4,5,2,5,3,3,5,4,5,6,6,4,6,6,6,6,5,5,5,3,7,7,7,7,1,5,1,5,1,5,-9,1,1,2,2,4,3,4,4,2,1,1,NA,1,NA,NA,NA,NA,1,NA,NA,6,Responses to music in a moralistic way.,N/A.,FALSE,FALSE,FALSE,FALSE,NA,NA,NA,NA,NA,NA,NA,NA,NA,NA,NA,NA
group_perf,34,1,1,1,Funny,Confident,Attractive,tall,elagant,Kind,Jovial,intelligent,Stylish,Humble,4,7,5,6,4,5,7,7,6,1,7,6,5,7,5,5,6,7,6,5,6,7,5,7,4,5,7,5,7,4,4,4,4,4,6,6,6,7,6,7,6,6,7,5,7,6,7,7,7,6,7,6,6,7,4,7,6,7,7,7,7,1,4,1,4,4,1,2,1,1,4,4,4,Touching,awakening,emotional,musical,long,positive,humanity,kindness,educative,captivating,7,7,2,7,7,6,7,7,6,6,7,7,6,6,5560861,11887,7,5,7,7,6,7,6,6,7,6,7,6,6,6,7,7,7,7,6,6,7,7,7,7,7,6,7,7,6,4,6,7,7,6,7,7,7,7,7,7,7,7,7,7,7,7,7,7,7,7,7,7,7,7,7,7,7,7,7,7,7,6035212,11518,NA,NA,-9,0,NA,0,NA,7,7,7,6,7,7,2,7,7,6,7,7,5,7,1,7,7,1,7,5,7,1,6,5,7,1,7,7,5,6,7,6,7,3,1,7,1,6,1,5,4,1,6,4,6,7,7,6,7,6,7,7,7,7,7,2,7,7,7,7,5,5,1,5,1,5,-9,4,5,2,3,2,6,7,5,6,NA,NA,NA,NA,1,NA,1,NA,NA,NA,NA,-9,attention. eye movement,none,FALSE,FALSE,FALSE,FALSE,NA,NA,NA,NA,NA,NA,NA,NA,NA,NA,NA,NA
group_perf,58,1,1,1,Clean-cut,Friendly,Older,Male,Muscular,Fit,Healthy,Handsome,Ethnic,Polite,1,7,6,3,6,5,4,6,6,5,5,6,2,7,7,2,2,5,2,2,6,5,3,7,6,5,7,6,5,2,4,5,6,5,7,4,6,7,3,7,5,5,7,2,4,2,7,6,4,4,3,2,5,5,7,3,5,7,3,5,4,1,2,2,4,2,2,3,1,2,3,2,3,Damning,Emotional,Injustice,Poetic,Percussive,Hearfelt,Philosophical,Rhythmic,Trying,Meditative,6,6,6,5,6,5,3,7,5,6,6,6,6,5,5285552,9034,6,6,6,6,6,4,6,6,6,5,7,7,6,6,7,6,6,7,6,6,5,6,6,7,4,6,7,7,6,6,4,6,6,6,1,4,5,6,3,6,2,5,5,7,3,7,6,7,6,5,7,5,3,7,7,6,6,4,4,4,6,5672258,4921,NA,0,1,0,NA,0,NA,2,6,4,3,6,6,6,7,6,3,5,7,6,6,3,6,6,4,3,2,6,3,6,5,2,1,6,6,5,2,2,5,4,5,4,6,7,4,1,3,1,1,7,7,7,7,7,7,5,1,6,6,6,3,3,2,5,5,5,6,1,5,1,5,1,5,10,0,3,4,2,2,3,5,6,5,NA,NA,NA,NA,1,NA,1,NA,NA,NA,NA,5,Miscarriages of justice.,This was a fascinating study. I'm glad that I took part in your meaningful research.,FALSE,FALSE,FALSE,FALSE,NA,NA,NA,NA,NA,NA,NA,NA,NA,NA,NA,NA
group_perf,23,1,1,1,Attractive,Chatty,Empathetic,Personable,Honorable,Kind,Skinny,Compassionate,Friendly,Preppy,5,7,7,5,6,4,6,6,6,4,6,5,6,7,5,2,2,3,1,3,4,6,3,7,5,5,5,5,6,2,4,5,4,5,5,3,5,6,5,6,6,5,7,3,5,5,3,6,6,5,4,2,5,5,5,4,6,7,5,5,5,1,4,1,3,3,1,3,4,2,3,2,3,Long,Intense,Music,Justice,Rythym,Message,Art,Meaningful,Important,Authentic,4,3,1,3,4,2,2,5,6,3,2,3,2,6,5217064,6958,6,2,5,5,6,4,4,3,6,2,7,6,5,2,5,2,2,3,2,3,6,6,6,7,2,5,5,7,3,5,1,5,2,4,2,5,3,5,2,7,4,5,5,6,6,7,5,4,3,2,6,3,2,5,4,6,6,1,1,2,5,5673818,5202,NA,0,0,0,NA,0,NA,2,5,3,6,4,3,2,3,3,2,1,5,2,4,1,5,4,6,1,3,4,1,3,2,1,5,5,4,4,2,2,2,4,2,1,5,2,2,1,1,1,4,5,3,3,4,6,2,5,5,5,5,3,7,2,2,7,7,7,7,1,4,2,4,2,5,20,2,0,4,2,2,2,2,6,5,NA,NA,NA,1,NA,NA,NA,NA,NA,NA,NA,6,Attention span to something new,Interesting show!,FALSE,FALSE,FALSE,FALSE,NA,NA,NA,NA,NA,NA,NA,NA,NA,NA,NA,NA
group_film,24,1,1,1,Average height,Smiles always,Friendly,Well dressed,Respectful,Smells fresh or fragrance-conscious,Calm,Similar age group,Into Sports,Enjoys gaming,5,6,5,5,3,4,5,4,3,4,3,4,4,4,3,3,2,4,3,3,5,6,4,5,5,4,6,6,5,5,4,6,4,5,5,6,6,7,6,7,4,5,7,3,6,5,6,6,3,4,4,6,5,5,4,4,3,5,5,5,2,1,2,2,3,3,1,3,3,1,2,3,4,Interesting,Fun,Allerting,Sad,Injustice,Science,Music,Big project,Informative,Positive Impact,7,4,1,6,7,4,7,6,6,5,5,4,6,7,6150774,14489,4,6,6,4,5,6,6,6,5,5,5,4,5,6,4,4,3,5,4,5,5,6,4,4,5,6,4,5,5,3,5,4,5,4,5,7,4,4,4,6,5,5,3,6,4,6,6,5,5,4,6,4,5,3,6,4,5,5,3,6,5,6740152,7159,NA,0,0,0,NA,0,NA,6,4,5,5,6,7,3,4,6,6,5,7,4,6,1,6,6,2,4,2,6,2,4,3,5,3,2,5,6,2,4,2,2,6,3,5,4,6,5,5,5,4,5,6,5,5,7,3,6,6,2,6,7,5,6,2,6,7,6,7,4,4,4,5,3,5,2,2,0,1,2,2,4,5,1,2,NA,NA,NA,NA,1,NA,1,NA,NA,NA,NA,4,I think it was good and very informative.,N/A,FALSE,FALSE,FALSE,FALSE,NA,NA,NA,NA,NA,NA,NA,NA,NA,NA,NA,NA
group_film,35,1,1,1,Blonde,Woman,middle-aged,gardener,friendly,talkative,values her children,NA,NA,NA,4,7,7,6,4,6,6,7,7,5,6,6,6,7,3,1,1,2,1,1,5,6,3,7,4,7,7,4,5,3,5,7,6,7,6,5,2,7,3,7,5,2,7,2,5,6,5,6,5,5,5,6,6,5,5,4,7,6,6,7,4,2,2,2,3,2,1,4,3,2,1,2,3,informative,descriptive,creative,unique,confusing,necessary,educational,realistic,upsetting,uplifting,6,5,2,4,4,2,4,4,6,7,5,5,6,6,6150573,6170,5,5,6,6,4,6,6,7,7,3,7,3,4,6,3,3,3,4,2,2,4,6,7,6,3,7,6,7,3,6,4,5,6,6,3,3,5,5,6,6,2,5,3,7,6,7,5,7,6,4,6,6,6,5,6,6,6,3,5,5,7,6616383,4502,NA,0,1,0,NA,0,NA,3,5,5,2,5,6,5,6,5,6,4,7,7,6,1,6,6,3,5,2,5,1,6,4,2,4,6,4,7,1,1,4,4,6,1,6,5,4,2,4,3,2,5,7,4,4,5,5,3,2,1,2,5,6,2,3,7,4,7,7,3,5,3,4,2,4,8,0,3,4,2,2,3,4,3,3,1,NA,NA,1,NA,NA,NA,NA,1,NA,NA,6,Eye tracking,NA,FALSE,FALSE,FALSE,FALSE,1,NA,NA,NA,NA,NA,NA,NA,NA,NA,NA,NA
group_film,30,1,1,1,black or mixed,sweet,caring,open-minded,creative,energetic,proactive,reliable,outgoing,ambitious,4,4,4,4,4,3,4,4,5,4,4,4,4,4,2,3,4,4,3,4,4,3,3,3,3,4,4,3,2,3,3,4,3,3,5,5,3,5,5,5,3,5,5,3,5,4,5,5,5,5,5,5,5,5,3,5,4,5,5,5,4,1,3,2,3,3,1,2,3,3,2,2,3,interesting,informative,disheartening,fun,could be summarized,musical,talented,artistic,innovative,extraordinary,7,4,2,5,5,4,5,4,5,5,5,5,5,5,5964683,4870,5,4,5,5,5,5,5,5,5,5,5,4,4,5,4,4,5,3,3,4,4,4,4,3,4,5,5,4,4,3,4,4,4,4,2,5,5,3,3,5,5,5,5,5,3,5,5,5,5,3,5,5,3,2,5,5,5,5,4,5,3,6288811,2391,NA,NA,0,0,TRUE,NA,NA,3,4,2,2,4,4,4,3,4,4,3,4,4,3,3,4,4,2,3,2,4,3,3,2,2,4,4,4,4,2,3,4,4,4,2,3,4,4,2,2,2,2,5,5,5,5,5,3,5,5,5,5,6,6,5,2,7,7,7,7,2,4,2,4,2,4,6,3,3,2,3,2,3,6,6,5,NA,1,NA,NA,NA,NA,1,NA,NA,NA,NA,6,music and eye movement,NA,FALSE,FALSE,FALSE,FALSE,NA,NA,NA,NA,NA,NA,NA,NA,NA,NA,NA,NA
group_perf,22,1,1,1,Tall,friendly,curious,upbeat,active,sociable,respectful,open-minded,helpful,observant.,7,7,6,7,6,7,6,7,7,5,6,6,7,7,7,6,6,7,5,3,7,6,6,7,6,6,7,7,7,7,7,6,7,6,6,6,6,6,6,5,6,6,6,4,6,6,7,6,6,7,7,6,6,6,7,7,6,7,6,7,6,1,4,2,4,4,2,2,2,1,3,3,3,psychology,education,dream recall,social interactions,exercise frequency,diet tracking,near accidents,interruptions,pain,bad interactions,5,6,5,6,6,5,6,6,4,5,4,4,5,4,5681092,17294,7,7,6,4,3,7,7,7,6,7,7,5,6,7,5,5,5,6,5,3,5,6,4,4,5,6,5,5,5,4,6,5,6,6,6,5,6,5,6,6,5,6,6,5,5,5,5,6,5,5,5,6,6,6,5,6,5,6,6,6,6,6153839,16332,NA,0,-9,0,NA,0,NA,5,6,5,3,6,4,5,4,4,4,5,6,5,5,1,6,5,2,6,4,6,4,5,6,6,4,7,5,7,4,5,4,4,4,5,6,4,4,5,5,4,4,3,5,6,5,6,5,6,6,5,5,5,7,5,1,5,5,6,5,1,5,1,5,4,5,-9,0,5,4,2,2,6,6,1,5,NA,1,NA,NA,NA,NA,1,NA,NA,NA,NA,6,educative,it was a col session,FALSE,FALSE,FALSE,FALSE,NA,NA,NA,NA,NA,NA,NA,NA,NA,NA,NA,NA
group_perf,23,1,1,1,pretty,softhearted,visionary,artistic,gamer,political,calm,confident,compassionate,empathetic,6,6,4,4,6,6,5,7,4,5,3,6,6,6,3,1,1,3,1,2,6,6,6,6,6,4,6,6,2,5,3,6,6,4,4,6,5,7,4,6,5,5,6,2,4,6,5,5,6,6,5,5,6,5,4,4,6,6,4,6,4,2,3,1,3,2,1,4,1,1,2,2,3,emotional,scary,loud,justice,unfair,legality,wrongful,jail,dna,heaviness,6,6,3,5,6,6,6,5,5,5,4,5,4,5,5327497,5247,6,5,5,6,6,5,6,5,5,6,7,7,6,4,4,2,2,4,1,5,7,4,4,7,6,4,6,7,4,6,4,5,6,6,1,5,6,6,6,6,5,5,6,6,5,6,5,6,6,4,6,6,6,4,6,6,6,6,5,6,6,5758115,4067,NA,NA,1,0,NA,0,NA,6,5,5,7,6,6,3,5,6,5,5,7,4,6,2,6,6,3,2,4,6,2,3,5,5,5,4,6,4,2,4,4,5,4,1,5,3,4,2,2,4,2,5,5,6,5,6,4,5,5,4,5,5,5,4,3,6,6,4,7,1,5,1,4,1,5,1,0,3,2,2,1,3,4,1,4,1,NA,1,1,NA,NA,1,NA,NA,NA,NA,5,"I think you wanted to see the emotional reactions of the people watching the video, especially when it comes to injustices, legal system, oppression, etc.",n/a,FALSE,FALSE,FALSE,FALSE,NA,NA,NA,NA,NA,NA,NA,NA,NA,NA,NA,NA
group_perf,28,1,1,1,Friendly,Acquaintance,Approachable,Open,Pleasant,Proximal,Kind,Familiar,Chatty,Warm,1,4,2,2,2,3,2,3,2,4,1,2,2,4,3,1,1,2,1,2,2,4,1,4,3,2,4,3,1,1,1,2,3,1,7,4,5,7,5,3,6,5,7,1,4,7,4,4,6,4,2,2,4,4,5,1,2,7,7,4,2,3,2,1,2,2,1,4,2,2,2,2,1,Boring,Repetitive,Abstract,Long,Random,Sudden,Tiring,Poetic,Original,Unconventional,4,2,1,1,2,1,1,3,6,3,3,4,4,3,5045313,4915,2,2,2,2,4,1,3,3,5,2,4,4,3,4,3,2,3,2,1,1,3,2,2,5,1,3,3,4,2,3,3,3,3,4,2,4,4,4,2,2,4,1,4,7,6,7,6,5,4,2,7,4,2,5,4,6,7,2,4,4,2,5409561,4136,NA,NA,0,0,NA,0,NA,1,3,2,1,2,1,2,2,2,2,1,4,3,1,3,2,2,7,1,1,4,1,2,2,2,3,2,1,3,1,1,2,2,1,1,3,3,1,3,1,1,2,2,4,5,5,4,2,2,2,3,2,2,4,1,2,5,5,4,5,3,5,2,3,1,5,1,5,2,3,3,2,5,2,4,6,1,1,1,NA,NA,NA,NA,NA,1,NA,NA,6,Reaction to criminal injustice and attention,NA,FALSE,FALSE,FALSE,FALSE,NA,NA,NA,NA,NA,NA,NA,NA,NA,NA,NA,NA
group_perf,31,1,1,1,older,tall,male,dark eyed,soft spoken,nervous,homebody,traditional,humble,family oriented,7,7,5,6,3,6,6,7,7,3,7,7,5,7,1,1,1,1,1,2,6,7,2,7,4,6,7,6,4,7,6,7,4,7,7,4,4,6,4,7,5,2,7,1,6,4,4,6,4,4,4,4,5,6,5,2,4,6,6,6,3,2,2,2,3,1,1,3,2,3,2,4,3,wrongly,convicted,time,served,justice,injustice,stolen,freedom,incarceration,exoneration(s,6,7,3,5,7,4,6,6,5,6,6,6,6,5,5426436,10352,7,6,5,6,3,5,6,6,7,7,7,3,2,7,2,2,2,1,2,3,2,6,5,7,5,6,3,5,6,2,7,7,6,7,2,5,4,6,4,7,7,4,2,6,5,7,6,5,4,5,3,5,5,4,6,4,7,5,5,4,4,6308708,5953,NA,NA,1,0,NA,0,NA,5,7,7,3,7,7,7,5,7,7,4,7,7,5,7,6,5,3,6,1,7,6,7,3,3,1,7,7,5,5,7,3,6,3,1,7,6,5,2,4,1,3,3,7,3,6,7,4,5,6,6,6,6,5,2,2,6,6,5,7,2,5,4,3,4,4,4,2,2,5,2,3,6,6,2,4,NA,NA,NA,NA,NA,1,NA,NA,1,1,NA,3,how sound can impact an experience,it was breathtaking. i loved being a part of it,FALSE,FALSE,FALSE,FALSE,NA,NA,NA,NA,NA,NA,NA,NA,NA,NA,NA,NA
group_perf,42,1,1,1,humble,courageous,smart,energetic,social,caring,spontaneous,happy,exciting,meek,5,7,5,6,4,5,6,6,6,5,7,7,7,6,3,2,2,1,1,1,4,7,2,5,6,4,6,6,5,5,5,3,7,3,6,6,6,7,5,6,5,6,6,7,6,5,5,7,6,5,4,4,5,5,5,5,6,6,5,6,5,2,4,1,4,4,1,2,1,1,3,3,3,sad,startling,suprising,shocking,great,emotional,sympathy,peaceful,empathy,heart-breaking,7,7,4,7,7,5,7,6,4,7,6,7,7,7,5205030,7751,7,6,6,6,7,7,6,7,7,6,7,6,7,5,7,7,7,7,7,6,5,5,5,6,6,5,6,6,5,7,5,5,4,4,4,7,6,5,6,7,5,6,5,5,1,6,5,6,6,6,5,6,6,5,7,6,5,4,1,4,6,5747070,9173,NA,NA,0,0,TRUE,NA,NA,6,5,5,5,7,6,6,1,5,5,5,6,7,7,1,5,7,1,4,6,5,1,7,4,1,1,7,6,6,1,1,1,6,4,1,5,3,5,1,6,3,4,5,6,6,7,7,5,7,6,7,7,7,7,7,2,7,7,7,7,4,5,4,5,1,5,6,2,1,5,3,2,5,7,1,2,NA,1,NA,NA,NA,NA,NA,NA,1,NA,NA,5,"To see how moved an individual is, upon attending a live event about innocent people who were wrongly accused.","Great event, thank you.  I hope this event makes a big difference in the justice system in our planet.",FALSE,FALSE,FALSE,FALSE,NA,NA,NA,NA,NA,NA,NA,NA,NA,NA,NA,NA
group_perf,49,1,1,1,Male,tall,older,friendly,kind,professional,honest,smart,witty,brave,4,5,5,4,4,2,2,4,4,2,4,4,5,5,3,2,3,3,4,4,2,4,3,5,1,2,3,2,3,4,3,4,2,4,6,4,4,5,4,6,4,4,6,3,5,4,4,6,5,4,4,4,4,4,5,3,4,5,4,4,2,1,3,1,4,4,1,1,1,1,3,4,4,interesting,motivating,cleaver,smart,musical,combustion,fuel,jail,incarceration,wrong,6,4,1,6,5,1,4,4,4,4,5,4,6,6,5512091,15495,2,3,3,1,2,3,3,1,4,4,4,1,1,3,3,4,4,4,4,4,2,4,2,4,3,3,3,4,3,2,4,1,3,4,4,4,4,5,4,6,5,5,5,6,6,5,5,5,4,2,6,4,4,5,4,5,4,4,4,5,4,6034502,22167,NA,NA,-9,0,NA,0,NA,4,4,4,3,7,4,1,3,4,3,5,5,2,4,1,5,5,1,3,2,5,1,2,4,5,1,5,6,4,3,2,4,4,1,3,4,1,5,1,3,3,4,6,6,6,6,6,6,6,4,4,4,6,4,4,4,6,6,6,6,4,4,3,4,1,4,1,4,3,3,3,2,4,5,5,2,NA,NA,NA,NA,1,NA,NA,1,NA,1,NA,5,I tracking and attentiveness,I think this was very interesting and would like to thank the people that created this study.,FALSE,FALSE,FALSE,FALSE,NA,NA,NA,NA,NA,NA,NA,NA,NA,NA,NA,NA
group_perf,31,1,1,1,Black skin,No very friendly,Not speaking french,Obnoxious,NA,NA,NA,NA,NA,NA,7,7,7,6,2,6,7,7,6,2,6,7,6,7,6,2,2,4,4,4,5,6,5,7,3,7,6,6,7,6,5,7,5,7,3,3,3,5,3,3,2,1,6,2,3,2,2,3,3,2,3,4,4,5,3,2,6,6,5,4,2,2,2,2,3,2,1,4,4,4,1,1,1,Men pretending to do music,Recordings of someone asking to repeat someones dream,Monologue about truth,rythmically pronounces na;es of people that wrongly served prison,Same monologue about truth not being steak,Men recordings of freedom reciting the old jail numbers,NA,NA,NA,NA,4,1,1,1,1,1,1,1,7,2,1,1,1,5,5140933,6511,7,7,7,6,6,7,7,7,7,7,7,4,5,7,6,1,1,5,3,6,6,6,5,6,6,6,6,6,6,4,6,6,6,6,3,2,1,1,2,3,2,1,2,3,3,2,5,5,1,1,5,3,4,3,3,3,5,3,1,1,5,5637120,1331,NA,NA,0,0,NA,0,NA,1,1,1,1,1,1,7,1,1,1,1,1,1,2,5,1,1,7,1,1,1,5,1,3,5,4,3,1,1,1,7,1,1,1,5,1,2,1,7,1,1,5,1,3,4,1,1,1,3,1,1,1,3,3,1,2,5,5,5,5,3,4,1,2,2,5,-9,0,1,4,1,4,3,2,3,5,NA,NA,NA,NA,1,NA,1,NA,NA,NA,NA,5,"I do not know, you mention something about heartbeat a glasses for the audience.",NA,FALSE,FALSE,FALSE,FALSE,1,1,NA,NA,NA,NA,NA,NA,NA,NA,NA,NA
group_perf,27,1,1,1,Habitual,Elderly,kind,knowledgeable,diligent,wise,recycling,environmentally conscious,peaceful,greying,7,4,2,1,2,4,4,5,1,1,2,3,1,6,2,1,1,1,1,2,2,3,1,6,6,2,2,6,2,4,1,2,1,3,4,2,3,5,3,5,2,1,3,3,3,1,4,3,2,1,1,2,1,5,6,2,6,5,3,2,1,2,1,4,4,1,1,4,3,3,1,1,2,boring,informative,social advocacy,instrumental,long,tiresome,sad,talented,disruptive,unique,6,1,1,1,2,1,1,2,6,1,1,1,2,6,5291196,5972,1,1,1,6,5,2,1,5,6,7,5,4,1,6,2,1,2,1,2,1,1,2,4,2,1,2,2,6,1,1,1,1,1,2,3,2,5,2,1,5,2,1,3,5,1,3,2,3,1,1,6,1,1,7,2,3,4,1,1,2,6,5878967,2609,NA,NA,0,0,NA,0,NA,1,1,1,2,1,1,1,1,1,1,1,1,1,1,2,1,2,7,1,1,1,1,2,1,1,1,1,1,3,1,1,1,1,1,1,1,5,1,2,1,1,5,5,1,5,1,1,4,3,3,2,4,4,5,5,1,6,6,6,7,1,1,4,5,4,2,-9,0,4,4,2,3,1,1,1,5,1,1,NA,NA,NA,NA,NA,NA,NA,NA,1,5,our eye movements and heart rate and how they change as different sounds and themes are introduced,I wish you could have found some black drummers... you are touching on themes most sensative to the experience of coloured individuals being incarcerated and all..,FALSE,FALSE,FALSE,FALSE,NA,NA,NA,NA,NA,NA,NA,NA,NA,NA,NA,NA
group_perf,49,1,1,1,Glasses,Kind,REsponsible,Generous,Short hair,WOman,55,NA,NA,NA,4,7,6,7,3,6,6,7,4,4,5,6,5,7,4,2,2,4,2,5,5,7,4,7,5,6,7,5,4,3,5,6,5,7,3,2,3,5,3,6,5,3,6,6,3,4,5,3,5,2,2,3,3,4,5,3,6,5,2,4,2,2,4,1,4,4,1,3,2,2,3,3,3,Creative,Emotional,Talented,Moving,Long,TEdious,Avant garde,NA,NA,NA,5,4,2,2,3,3,2,6,6,4,2,5,2,3,5701234,6491,7,6,6,7,5,6,7,6,7,4,7,5,6,7,5,2,2,6,2,5,7,6,7,6,6,6,7,7,7,6,5,5,7,7,5,2,6,3,3,5,2,3,4,5,3,6,5,5,4,2,5,3,3,5,4,6,5,2,2,3,6,6131642,5114,NA,NA,0,0,NA,0,NA,3,6,3,3,3,4,3,6,4,2,3,5,5,5,2,5,3,5,2,2,5,2,5,2,1,5,5,5,5,2,3,3,5,4,2,6,5,3,2,2,2,3,5,5,4,5,4,2,3,2,6,5,3,7,1,3,6,6,6,7,4,4,2,4,2,3,-9,4,5,7,2,2,2,4,6,5,NA,NA,NA,NA,1,NA,1,NA,NA,NA,NA,5,WHether perceptions about injustice changes after watching an artistic event,NA,FALSE,FALSE,FALSE,FALSE,1,1,NA,NA,NA,NA,NA,NA,NA,NA,NA,NA
group_perf,31,1,1,1,Friendly,Kind,Cool,Interesting,Alternative,NA,NA,NA,NA,NA,6,7,5,5,5,6,6,6,7,5,5,5,5,6,4,2,2,5,3,3,5,7,4,7,6,5,6,5,4,5,3,4,5,5,5,5,6,6,6,7,4,5,7,3,4,5,6,5,5,5,4,3,5,5,5,3,4,6,5,4,4,2,2,1,2,1,1,2,3,3,1,1,2,Dramatic,Intense,Emotional,Stressful,Deep,Heartbreaking,Informative,Sad,Alarming,Jarring,6,6,5,6,6,6,6,6,5,6,7,7,5,5,5139416,14778,6,6,6,6,5,5,5,6,7,6,7,6,5,7,5,5,5,5,5,5,6,6,6,7,6,6,7,7,6,6,6,6,6,5,2,5,5,6,5,6,5,5,5,6,5,7,6,5,5,4,7,6,5,5,5,7,5,4,5,5,5,5503937,2845,NA,NA,0,0,NA,0,NA,3,7,3,3,6,4,5,6,6,3,5,6,5,7,2,7,6,2,3,3,4,2,7,4,6,5,6,7,5,1,5,2,6,5,1,7,4,5,1,5,2,1,5,3,5,5,5,2,5,6,5,6,6,5,3,2,6,7,6,6,1,5,1,5,1,5,8,0,3,3,2,3,2,3,3,5,1,NA,NA,1,NA,NA,NA,NA,1,NA,NA,6,Emotional reaction to wrongful imprisonment.,NA,FALSE,FALSE,FALSE,FALSE,1,NA,NA,NA,NA,NA,NA,NA,NA,NA,NA,NA
group_perf,26,1,1,1,Outgoing,funny,short,smart,hard working,empathetic,kind,sports,caring,giving,7,6,6,5,4,5,6,7,6,5,5,4,5,7,6,1,1,1,1,1,7,7,6,7,4,5,6,5,4,7,6,6,6,5,7,4,3,5,5,7,6,5,7,3,4,5,4,6,6,6,4,7,5,6,5,5,7,6,6,6,5,1,1,3,3,3,2,2,2,2,3,3,3,unique,interesting,knowledgable,informative,entertaining,tense,honest,united,activism,intriguing,6,6,2,6,6,5,5,6,5,6,6,7,5,6,5389942,12482,6,7,7,5,1,6,7,7,5,7,5,4,1,6,6,3,3,2,1,1,2,6,5,6,6,6,7,7,7,2,7,2,7,7,3,5,5,5,7,7,6,5,5,6,7,7,7,6,6,6,7,5,7,4,6,7,7,5,5,5,7,5931677,7682,NA,NA,0,NA,TRUE,NA,TRUE,5,6,4,3,6,6,5,5,6,3,6,7,5,6,3,6,6,3,5,3,6,3,7,5,5,3,6,5,5,2,3,4,5,6,1,6,5,6,1,5,3,1,5,6,7,6,7,4,2,5,2,5,6,5,4,2,7,5,4,6,1,2,3,5,2,4,13,2,4,1,3,2,5,6,5,2,NA,NA,NA,NA,1,NA,1,NA,NA,NA,NA,5,Investigated people's reactions to a live music performance based on wrongful imprisonment,"The stream was very good and interactive, I felt like I was able to learn a lot through a very unique way of story telling",FALSE,FALSE,FALSE,FALSE,NA,NA,NA,NA,NA,NA,NA,NA,NA,NA,NA,NA
group_perf,42,1,1,1,nice,friendly,educated,warm,inviting,confident,purposeful,interesting,loyal,healthy,1,7,3,1,5,7,4,4,1,5,4,4,1,7,3,2,2,3,2,2,4,7,4,7,7,7,7,7,4,4,4,1,7,4,7,6,1,6,5,7,6,4,7,1,1,5,5,6,1,1,1,1,4,4,7,4,4,1,3,7,1,2,2,1,3,2,1,3,1,1,3,4,3,interesting,odd,different,acoustic,redundant,powerful,vibe,mood,dramatic,freedom,5,2,1,3,3,1,1,2,5,4,4,4,4,3,5150918,3178,5,3,3,3,6,1,1,3,6,4,7,5,7,2,3,3,1,2,2,3,6,4,5,6,1,1,5,6,1,6,6,6,5,1,1,4,4,4,1,2,2,2,4,4,4,7,7,5,4,4,7,4,1,7,4,1,4,4,1,1,4,5570408,1546,NA,NA,0,0,NA,0,NA,3,2,3,4,3,2,1,3,4,3,4,6,5,4,4,3,5,4,2,4,3,1,3,1,1,6,4,3,1,1,1,4,2,1,1,2,1,1,1,3,2,6,4,4,5,3,3,1,6,4,7,4,4,7,1,5,7,7,7,7,1,5,1,5,1,5,6,7,7,7,2,2,4,-9,6,5,NA,1,NA,NA,NA,NA,1,NA,NA,NA,NA,6,eye tracking and attention,NA,FALSE,FALSE,FALSE,FALSE,NA,NA,NA,NA,NA,NA,NA,NA,NA,NA,NA,NA
group_perf,45,1,1,1,Tall,Handsome,Pilot part time,Loves to read,Determined,Family Oriented,Friendly,Outspoken,Leader,Funny,7,7,6,5,7,7,7,6,7,5,7,4,7,7,4,5,6,5,5,4,5,6,4,6,6,4,6,6,6,5,4,6,5,6,6,4,5,5,5,6,5,5,6,3,5,5,5,6,6,5,4,5,5,5,5,4,4,6,5,5,5,1,3,1,4,4,1,2,1,1,3,4,4,Informative,Sad,Injustice,Entertaining,Art,Music,Inspirational,Prison,Advocate,Life,7,7,1,7,7,1,7,7,5,7,7,7,6,6,5487051,8575,7,4,7,1,6,7,5,4,7,7,7,6,6,6,6,6,5,6,4,6,7,6,4,7,5,6,6,7,2,7,5,7,6,5,2,6,5,5,5,7,4,5,6,5,6,7,6,5,6,6,6,5,5,3,5,6,6,3,3,5,4,6019108,7978,NA,NA,1,0,NA,0,NA,4,4,4,4,7,5,5,4,5,4,5,7,4,7,1,7,6,2,4,2,7,1,6,1,4,1,7,7,7,4,1,4,6,4,4,7,4,6,1,7,4,1,3,5,5,7,7,4,7,7,7,7,7,7,7,1,7,7,7,7,1,5,1,5,1,4,-9,0,5,0,2,3,2,7,4,4,NA,1,1,NA,NA,NA,NA,NA,NA,NA,1,3,people's emotional reacions to music and incarceration,NA,FALSE,FALSE,FALSE,FALSE,NA,NA,NA,NA,NA,NA,NA,NA,NA,NA,NA,NA
group_perf,21,1,1,1,hazel hair,woman,well-dressed,chill,friendly,cafÃ©,bars,social,talkative,girly,1,4,1,1,1,1,1,1,1,1,1,1,1,2,1,1,1,1,1,1,1,1,1,4,1,1,2,1,1,1,1,1,1,1,1,1,1,1,1,4,1,1,4,1,1,1,1,2,1,1,1,1,1,1,6,1,1,5,1,1,1,4,2,3,3,1,3,4,3,3,1,1,1,repetitive,creative,unengaging,confusing,disorganized,uninsightful,tense,dramatic,random,unsophisticated,1,1,1,1,1,2,1,1,7,1,1,1,1,1,5101377,5260,1,1,1,3,1,1,1,1,1,1,2,1,1,1,1,1,1,1,1,1,1,1,2,1,1,2,1,4,1,1,1,1,1,2,1,1,1,1,1,1,1,1,1,1,1,5,1,1,1,1,5,1,1,7,1,1,1,1,1,1,1,5553578,5479,NA,NA,0,0,NA,0,NA,1,1,1,1,1,1,2,1,1,1,1,1,7,1,5,1,1,7,1,1,1,5,1,1,1,7,1,1,1,1,1,1,1,1,2,1,4,1,7,2,1,7,1,2,1,1,1,1,2,1,1,1,1,1,1,3,7,7,7,5,1,5,5,5,1,5,-9,0,0,5,1,3,1,-9,-9,5,1,NA,NA,NA,NA,NA,1,NA,NA,NA,NA,5,People's perception to the performance?,NA,FALSE,FALSE,FALSE,FALSE,NA,NA,NA,NA,NA,NA,NA,NA,NA,NA,NA,NA
group_film,25,1,1,1,Tall,Kind,Funny,Entertaining,Gentle,Pretty,Social,Cool,Friendly,Loud,5,6,5,6,6,6,7,5,6,5,6,5,7,5,4,4,4,6,3,3,7,7,7,5,5,5,6,6,7,7,6,5,7,6,5,6,6,7,6,7,5,6,6,3,6,6,6,7,7,6,6,5,6,6,4,6,6,7,6,6,5,2,3,1,3,3,2,2,1,2,3,3,3,Heartfelt,Sad,Important,Informative,Beautiful,Musical,Harmony,Peaceful,Justice,Successful,6,7,6,6,7,7,7,7,5,6,6,7,6,6,NA,NA,7,6,7,7,3,7,6,7,7,6,6,3,4,6,7,6,6,7,5,6,6,5,3,7,4,5,7,7,3,7,6,7,6,3,2,6,6,7,6,7,6,6,6,7,3,7,6,6,6,6,6,6,5,5,7,7,6,5,6,6,6,NA,NA,NA,NA,1,0,TRUE,NA,NA,7,4,4,6,7,7,5,5,7,5,6,7,5,7,1,7,4,2,5,5,3,2,6,2,5,2,7,2,6,2,2,6,3,5,2,7,2,6,1,7,5,1,6,6,6,6,7,5,5,5,6,6,7,5,6,1,5,6,6,7,1,5,2,5,1,5,-9,2,3,1,2,2,3,7,3,4,1,NA,NA,NA,NA,NA,NA,NA,1,NA,NA,3,our views before seeing the video and after to see how it evolved and how this study has affected us.,"Personally, I was amazed by the documentary it really brought out my emotions and was deeply heartfelt.Thank you for this beautiful experience I will be marked by it and it has changed me",FALSE,FALSE,NA,NA,NA,NA,NA,NA,NA,NA,NA,NA,NA,NA,NA,NA
group_film,29,1,1,1,wavy hair,white,pretty,bland,transcient,casual,polite,funny,friendly,moderate,1,7,4,2,5,6,7,6,6,6,5,7,6,7,2,1,1,1,1,3,4,6,1,7,2,5,5,6,2,1,1,2,3,3,5,5,6,7,4,7,1,6,6,5,2,4,5,6,5,4,4,2,5,4,4,1,4,5,5,5,4,2,3,2,4,3,1,4,1,1,2,2,2,long,boring,might have been better with sound,slow,moving,informative,cultural,musical,bland,tedious,4,3,1,3,3,1,1,3,6,5,2,4,1,2,6275763,4356,7,6,6,6,6,7,5,7,6,4,7,6,7,7,2,1,1,1,1,3,6,6,6,6,4,7,5,7,5,6,3,5,5,6,4,5,3,4,4,5,5,3,5,4,2,5,5,5,5,5,4,5,4,5,5,4,5,4,4,5,5,6774356,2108,NA,NA,0,0,NA,0,NA,3,1,2,4,4,4,1,6,3,2,2,5,1,2,2,3,1,6,3,5,1,1,3,2,1,2,3,3,3,1,1,2,2,2,1,3,1,2,1,4,2,4,4,2,4,3,4,4,1,1,1,3,2,1,1,3,5,3,3,2,1,5,2,4,1,4,20,0,-1,4,1,2,4,2,-9,6,1,1,NA,1,NA,NA,NA,NA,NA,NA,1,6,NA,NA,FALSE,FALSE,FALSE,FALSE,NA,NA,NA,NA,NA,NA,NA,NA,NA,NA,NA,NA
group_film,26,1,1,1,Extrovert,Easy-going,Kind,Athletic,Tolerant,Accepting,Independent,Funny,Conscientious,Agreeable,6,7,4,6,3,4,7,5,4,4,2,4,3,7,3,1,1,2,2,3,6,6,2,7,2,4,6,5,4,4,5,2,3,6,5,2,3,5,2,5,1,2,7,5,2,4,5,4,2,2,2,4,2,5,6,3,6,5,2,5,2,1,3,1,2,2,1,2,1,2,2,1,2,Boring,Long,Uninteresting,Informative,Creative,NA,NA,NA,NA,NA,5,2,1,1,2,1,1,3,7,5,2,2,3,6,6049098,5194,6,4,4,4,4,4,5,5,7,5,7,3,4,5,3,1,1,2,2,3,4,4,4,5,4,5,5,6,3,4,4,4,4,4,5,2,5,2,4,5,3,2,3,5,1,7,5,3,2,2,6,2,4,6,4,2,6,2,2,2,6,6510822,8223,NA,NA,0,0,NA,0,NA,1,2,1,2,1,1,2,4,2,1,2,3,3,2,1,2,1,7,1,3,3,1,2,1,1,1,2,2,2,1,1,1,2,1,1,2,1,1,1,2,1,7,5,2,5,2,2,2,2,2,5,3,2,6,2,1,7,7,6,6,4,2,4,4,4,4,-9,1,3,1,2,1,2,2,3,2,NA,NA,NA,NA,1,NA,1,NA,NA,NA,NA,4,The general public's interest and overall level of concern surrounding the topic of wrongful incarceration.,I have no comments to provide.,FALSE,FALSE,FALSE,FALSE,NA,1,NA,NA,NA,NA,NA,NA,NA,NA,NA,NA
group_film,24,1,1,1,nice,thoughtful,cool,focused,harmless,intelligent,mature,sensible,respectful,peaceful,6,7,1,2,6,6,6,1,1,5,1,6,1,6,5,5,6,6,6,6,1,6,1,6,6,1,6,5,1,5,1,1,5,1,7,7,7,7,7,7,7,7,7,3,7,7,7,7,7,7,7,7,7,7,7,7,7,7,7,7,7,1,4,1,4,4,1,1,1,1,3,4,4,educative,enguaging,original,professional,informative,awesome,brilliant,intentional,relatable,understandable,7,7,1,7,7,7,7,7,4,7,7,7,7,6,6767991,27963,7,6,1,5,7,1,6,1,7,7,7,7,7,1,6,6,6,7,7,6,7,6,5,7,6,5,7,6,5,5,6,4,5,4,2,7,7,7,7,7,7,7,7,7,7,7,7,7,7,7,7,7,7,5,7,7,7,7,7,7,7,7585383,20910,NA,NA,1,0,NA,0,NA,7,6,7,5,7,7,3,7,5,7,6,6,5,6,1,6,7,1,7,6,5,1,1,1,2,2,6,6,6,6,2,5,5,1,3,6,1,6,1,2,4,2,3,7,7,7,7,5,7,7,7,7,6,7,4,3,7,4,7,7,5,5,1,5,1,5,-9,2,4,7,2,5,6,7,6,6,NA,1,NA,NA,NA,NA,1,NA,NA,NA,NA,6,i thinks the study is creating awareness on wrongful imprisonment by the justice system and how bad it affects the society and the general public,"my experience was awesome, now i am energized to fight for a good cause.",FALSE,FALSE,FALSE,FALSE,NA,NA,NA,NA,NA,NA,NA,NA,NA,NA,NA,NA
group_film,28,1,1,1,tall,friendly,nice,smart,slim,confident,easy-going,respectful,compassionate,dependable,6,7,3,6,2,5,2,6,6,4,5,3,4,5,3,1,1,1,3,4,6,6,4,6,3,4,3,4,2,2,3,2,2,4,5,2,2,5,4,4,2,2,5,4,1,2,2,5,2,2,1,1,4,6,5,2,4,6,2,3,1,1,2,1,3,2,2,3,1,2,1,2,2,unique,positive,reflection,together,helpfulness,music,community,care,innocents,freedom,5,5,2,4,3,1,5,3,6,5,2,4,5,6,6309321,19437,2,5,5,5,6,5,3,6,4,4,7,2,4,4,4,6,4,4,3,1,5,2,2,6,2,4,6,6,3,3,6,3,5,5,3,5,5,4,5,5,2,5,4,5,5,7,6,5,5,3,6,4,4,4,4,2,5,3,1,4,5,6917892,2519,NA,NA,0,0,NA,0,NA,3,3,1,1,4,3,2,2,4,2,2,5,4,4,1,6,4,4,2,3,2,1,3,1,3,1,5,3,2,2,2,1,2,3,2,6,2,3,1,4,4,2,6,6,6,3,5,5,1,2,3,4,4,5,1,2,7,6,7,7,1,5,3,4,2,5,-9,2,4,7,2,2,5,4,-9,2,NA,1,NA,NA,NA,NA,NA,NA,1,NA,NA,5,to gauge our interests and what catches our attention,it was a unique experience and i'd like to partake in studies similar to this,FALSE,FALSE,FALSE,FALSE,NA,NA,NA,NA,NA,NA,NA,NA,NA,NA,NA,NA
group_film,20,1,1,1,nice,studious,funny,overachiever,listener,kind,athletic,generous,inclusive,soft,4,6,4,3,4,5,5,4,4,5,4,3,4,6,3,1,1,2,2,2,4,4,4,6,4,4,5,5,4,4,3,3,4,4,5,4,5,6,4,6,3,5,6,3,5,5,4,6,4,4,4,3,4,5,4,5,5,5,4,4,4,1,2,2,3,3,1,2,2,2,2,2,3,innocent,jail,music,art,precussion,story,indiginous,crime,rock,sound,5,4,2,5,4,5,6,5,4,5,6,5,5,5,6124554,6151,6,5,6,4,5,6,6,6,6,4,6,5,4,6,4,3,3,3,3,3,5,6,4,6,5,5,5,6,5,4,5,4,5,6,3,5,5,5,4,6,5,5,5,6,4,6,5,6,5,5,6,5,4,4,5,6,6,5,5,6,4,6647879,5258,NA,NA,0,0,NA,0,NA,4,3,4,4,4,5,4,3,5,4,5,5,3,4,2,5,4,3,4,3,5,2,5,4,5,2,5,4,5,2,4,3,4,5,3,4,4,4,2,4,3,3,5,5,4,6,5,4,4,5,5,4,6,5,3,2,7,6,6,6,2,4,2,5,2,4,-9,5,3,6,3,2,1,5,1,2,1,NA,NA,NA,NA,NA,1,NA,NA,NA,NA,5,emotional response to music.,NA,FALSE,FALSE,FALSE,FALSE,NA,NA,NA,NA,NA,NA,NA,NA,NA,NA,NA,NA
group_film,38,1,1,1,Warm,Friendly,Aultruistic,Approachable,Kind,Fashionable,NA,NA,NA,NA,1,1,7,3,1,1,1,6,6,1,7,6,6,1,4,2,2,1,5,5,5,6,2,7,6,3,6,6,2,5,2,6,5,1,5,1,4,6,2,7,1,4,7,2,4,2,5,5,3,3,2,3,2,4,3,2,4,6,2,4,2,4,1,3,2,1,4,4,1,3,1,1,1,Interesting,Informatiove,Creative,Impactful,NA,NA,NA,NA,NA,NA,7,4,1,5,6,1,6,7,5,3,4,3,5,5,6517542,23182,1,4,5,7,1,1,5,7,4,1,6,1,1,5,4,2,2,1,3,5,1,2,6,4,1,5,2,6,1,2,1,1,7,1,2,3,6,3,2,5,3,2,4,5,2,7,5,7,4,2,6,3,1,3,5,4,6,2,2,2,4,7156041,4857,NA,NA,1,0,TRUE,NA,NA,1,7,1,1,4,2,4,6,1,1,2,6,2,2,2,1,7,2,1,1,1,1,6,1,1,1,1,5,4,1,5,1,1,1,1,5,5,2,2,1,1,1,7,4,7,4,4,3,4,4,4,4,3,4,4,4,7,7,7,6,2,3,2,4,2,5,1,0,0,5,1,3,5,5,2,6,1,NA,NA,1,NA,NA,NA,NA,1,NA,NA,4,"The ways the audience paid attention to the different parts of the performance - and then to compare and contrast between the live and online audience. Also, I think that you would look to see if emotions were different between the groups.",I think the study was well done. It was difficult to sit in a chair in the same position for the length of the study. I also did not see anyone in the live stream... just those in the audiences on the documentary. Not sure if that is normal.,FALSE,FALSE,FALSE,FALSE,1,1,NA,NA,NA,1,1,1,1,1,1,NA
group_film,38,1,1,1,Friendly,Short,Funny,Like animals,Female,Respectful,Caring,Inquisitive,Slightly overweight,Talkative,7,7,7,7,7,7,7,7,7,7,7,7,7,7,3,1,1,1,1,2,7,7,7,7,7,7,7,7,7,7,6,7,7,7,7,3,3,5,3,7,3,2,7,2,4,3,5,7,5,4,4,3,5,5,3,3,6,7,4,5,4,1,4,1,4,4,1,2,1,1,4,4,4,Interesting,Creative,Important,Impactful,Educational,Artistic,Original,Memorable,Musical,Unique,7,7,2,7,7,4,7,7,4,7,7,7,7,7,6190455,13063,7,7,7,7,7,7,7,7,7,7,7,7,7,7,3,2,2,3,3,3,7,7,7,7,7,7,7,7,7,7,7,7,7,7,2,5,7,6,3,7,4,6,6,7,3,7,7,7,7,5,7,6,4,3,6,7,7,5,6,6,7,6786716,9170,NA,NA,0,0,TRUE,NA,NA,7,6,7,4,7,7,2,4,7,7,7,7,1,7,1,7,7,1,4,4,1,1,4,1,2,1,7,7,4,1,1,1,7,2,2,7,2,3,1,4,1,1,7,7,7,7,7,7,5,5,6,6,7,7,2,2,7,7,7,7,1,5,2,5,1,5,12,0,2,1,2,2,2,6,4,5,1,1,NA,NA,NA,NA,1,NA,NA,NA,NA,5,"I think you investigated eye tracking, and opinions on the justice system",This was a great and unique study!,FALSE,FALSE,FALSE,FALSE,NA,NA,NA,NA,NA,NA,NA,NA,NA,NA,NA,NA
group_film,43,1,1,1,friendly,nice,smiling,eye-contacted,pet-owner,humble,not push,not talkative,caring,adorable,3,2,5,5,3,6,2,5,5,2,6,5,5,5,2,4,4,1,2,1,6,3,4,6,3,4,6,6,6,3,3,4,3,4,5,5,4,6,5,6,2,3,6,5,5,2,6,3,6,6,6,3,5,5,3,5,5,6,6,6,5,2,3,2,1,2,1,1,1,1,3,4,1,creativity,moved,motivation,warm,involved,meaningful,worthwhile,influenced,educational,good job,6,6,2,6,5,4,6,6,5,6,6,6,6,5,6612677,14749,4,3,3,4,5,4,4,4,6,5,6,4,3,4,4,5,5,7,3,5,5,4,3,6,4,3,6,6,4,5,5,6,4,4,5,6,6,6,3,5,5,5,6,7,5,7,6,6,5,6,6,5,3,3,6,6,6,6,6,6,6,7398525,10156,NA,NA,1,0,TRUE,NA,NA,6,5,5,4,6,6,1,1,6,4,4,7,1,6,2,6,6,1,6,5,6,1,2,2,4,2,6,6,7,3,2,6,6,2,2,6,2,6,1,5,4,1,6,4,6,6,6,5,5,5,3,3,6,5,2,3,7,7,7,7,1,5,2,5,1,5,14,0,0,5,1,2,6,7,4,5,NA,1,NA,NA,NA,NA,1,NA,NA,NA,NA,5,The usage of temporary percussion in public educational events.,N/A,FALSE,FALSE,FALSE,FALSE,NA,NA,NA,NA,NA,NA,NA,NA,NA,NA,NA,NA
group_film,57,1,1,1,blonde,petite,bold,horsewoman,independent,blue eyed,reserved,traditional,country living,family oriented,7,5,5,6,1,2,1,7,6,4,6,7,6,4,2,1,1,2,2,4,1,4,1,5,4,1,5,2,3,3,1,1,4,1,2,4,4,5,4,6,1,2,7,5,4,1,4,3,4,4,4,1,5,5,3,5,5,2,5,5,4,1,3,1,4,3,1,2,3,1,2,3,3,percussive,interesting,sad,enlightening,informative,emotional,musical,thought provoking,inspirational,unusual,6,5,1,5,5,2,4,5,6,5,5,6,5,5,6119512,7263,6,5,6,7,4,4,6,7,7,6,6,5,6,5,4,3,3,4,2,2,5,3,4,7,3,3,7,7,5,6,6,6,4,4,6,3,3,5,2,5,3,4,2,6,1,7,6,6,6,2,5,3,2,2,5,2,6,4,1,3,5,6613898,5922,NA,NA,0,0,TRUE,NA,NA,4,6,4,4,5,5,5,4,6,5,2,6,1,5,1,7,6,3,5,4,3,1,5,2,5,1,5,5,5,1,3,2,3,2,3,4,4,2,1,1,2,1,4,6,6,5,5,3,2,2,2,2,6,1,1,2,7,7,7,7,1,5,1,5,1,4,9,5,5,7,3,1,6,5,5,7,1,NA,NA,NA,NA,NA,1,NA,NA,NA,NA,4,"whether eye movements differ for streamed or live events maybe, also whether the event affected your opinions of social justice.","none, was a long but interesting study.",FALSE,FALSE,FALSE,FALSE,NA,NA,NA,NA,NA,NA,NA,NA,NA,NA,NA,NA
group_film,-9,1,1,1,Smiling,Warm Eyes,Curious,Thoughtful,Values Fairness,Laughter,Tall,Friendly nod,Shakes Hands,Community Minded,5,6,5,6,6,6,5,6,6,6,6,5,6,6,6,5,5,4,5,5,5,5,5,5,5,5,5,5,5,5,5,5,4,5,6,6,6,5,5,6,5,5,6,6,5,5,5,5,5,6,5,5,5,5,5,5,5,5,5,5,5,4,4,4,4,4,4,3,2,2,4,4,4,Relaxed,Long Event,Little Tired,Excitement,Positive,Music Therapy,Psychologic effect,Interesting,Tensed,Lovely,6,6,6,6,6,6,6,6,5,6,6,6,6,6,7003725,11151,6,6,6,6,6,6,6,6,6,6,6,6,6,6,6,6,6,6,6,6,6,6,6,6,6,5,6,6,6,6,6,6,6,6,6,6,6,6,6,5,6,6,6,6,6,6,6,6,6,6,6,6,6,6,6,6,6,6,6,6,6,7362678,12389,NA,NA,1,0,TRUE,NA,NA,6,6,6,6,6,6,6,6,6,6,6,6,4,6,6,6,6,3,6,6,6,4,4,4,6,4,6,6,3,6,3,5,4,6,2,4,6,6,5,6,6,6,3,6,6,6,6,4,6,6,6,6,6,6,6,1,6,6,6,6,4,4,4,4,4,4,12,3,3,4,2,3,5,6,1,4,NA,1,NA,NA,NA,NA,1,NA,NA,NA,NA,4,"This study seems designed to explore how shared experiences with emotionally powerful performancesâ€”like The Innocentsâ€”shape our social attitudes, emotional responses, and sense of connection with others.",This was a great study to do,FALSE,FALSE,FALSE,FALSE,NA,NA,NA,NA,NA,NA,NA,NA,NA,NA,NA,NA
group_film,50,1,1,1,Slight,Grey-haired,Male,50-ish,Pleasant,Father,Conflict-avoidant,Gardener,Well-meaning,Helpful,2,4,5,4,2,4,4,5,4,3,4,4,5,4,3,1,1,1,2,1,6,5,5,5,4,6,5,4,4,5,4,5,4,5,7,5,5,7,5,7,7,5,7,5,6,7,6,6,6,6,5,5,7,5,3,6,6,7,6,5,6,3,1,3,2,1,2,4,4,3,2,1,1,Confusing,Long,Intellectual,White,Well-meaning,Granular,Technical,Tepid,Unfocussed,Likable,4,2,1,4,3,1,1,3,7,3,1,2,5,5,6711728,8628,5,5,5,6,5,5,6,6,6,4,6,4,5,6,2,2,2,2,2,3,4,6,7,5,6,6,5,7,5,4,6,4,6,7,5,5,6,6,6,7,5,6,5,6,6,7,7,7,7,6,7,6,6,3,6,7,7,6,4,6,6,7383996,6678,NA,NA,1,0,TRUE,NA,NA,3,5,2,2,4,4,5,4,3,4,3,6,6,4,6,4,3,6,1,2,4,5,4,3,4,7,3,4,3,1,5,1,2,5,3,4,4,2,3,1,3,6,3,2,5,4,5,3,2,3,2,3,4,3,2,1,5,3,4,3,2,5,1,5,1,4,-9,0,3,5,3,3,4,5,3,5,1,NA,NA,NA,NA,NA,NA,NA,1,NA,NA,6,"How challenges to attention span/frustration impact empathy, and how they can be mitigated by calls to personal interest.","If it helps at all, I still did want to see both the final production of the musical event and the documentary on Anna. I wanted more of both and got denied, which I suppose is the point.

My physical disability definitely impacted my attention (holding posture that long).",FALSE,FALSE,FALSE,FALSE,NA,NA,NA,NA,NA,NA,NA,NA,NA,NA,NA,NA
group_film,42,1,1,1,Friendly,Animal lover,Chatty,Funny,Always smiling,Enjoys walking her dogs,Loves to cook,Good neighbour,Helpful,Kind,1,5,1,1,7,7,5,1,1,7,1,1,1,7,4,1,1,1,1,1,3,3,2,4,2,3,4,3,3,2,3,2,3,2,4,4,4,5,4,4,3,4,5,4,4,4,5,4,4,4,4,4,5,4,4,4,5,4,4,4,4,4,3,1,2,3,1,4,1,1,3,4,3,Artistic,Creative,Beautiful,Justice,Truth,Musical,Unique,Inspirational,Motivating,Nice,5,7,4,7,7,4,7,7,5,6,6,7,6,6,6235619,10458,7,7,7,7,7,7,7,7,7,7,7,7,7,7,5,6,6,7,4,4,7,7,7,7,7,7,7,7,7,7,7,7,7,7,4,6,6,6,4,5,6,5,6,6,4,6,5,6,6,4,5,5,4,4,5,5,5,5,4,5,5,6729273,5774,NA,NA,1,0,NA,0,NA,7,5,6,6,7,7,1,5,7,6,7,7,1,7,1,6,6,1,4,6,7,1,6,5,7,1,7,6,7,5,1,1,7,1,2,7,1,5,1,5,7,1,7,6,7,7,7,7,5,4,6,6,7,7,4,3,7,7,7,7,1,5,1,5,1,5,-9,3,2,2,3,2,1,7,6,5,1,1,NA,NA,NA,NA,1,NA,NA,NA,NA,4,The power of music to get a strong message across.,This was lovely!,FALSE,FALSE,FALSE,FALSE,NA,NA,NA,NA,NA,NA,NA,NA,NA,NA,NA,NA
group_film,29,1,1,1,male,funny,respectful,soccer fan,sport fan,gambles,smart,intellectual,smoke cigarettes,kind,7,7,6,5,4,7,6,7,7,6,6,4,6,4,2,1,1,2,3,4,7,7,7,7,5,5,7,7,6,7,6,6,7,7,4,6,6,7,6,7,5,5,5,5,5,5,6,6,7,7,4,6,7,5,6,4,5,6,5,6,5,3,2,3,3,2,2,4,2,1,3,3,2,strong,hopeful,real,raw,funny,artistic,intellectual,secure,sad,emotional,7,7,2,6,5,3,7,7,5,7,7,7,7,7,5967097,4451,6,7,7,6,7,7,7,7,7,7,7,6,6,4,4,4,5,4,6,6,7,6,5,7,5,6,6,7,6,7,7,6,7,6,3,7,7,7,5,7,5,7,7,7,6,7,6,7,7,6,7,7,5,5,7,6,7,7,5,7,5,6311457,2527,NA,NA,1,0,NA,0,NA,7,7,2,4,7,7,4,4,7,5,3,7,3,7,1,6,6,5,2,4,7,2,4,3,3,2,7,7,7,2,6,2,2,6,2,7,6,7,2,5,3,1,3,5,5,6,7,3,3,5,3,5,5,6,3,1,7,7,7,7,4,4,4,3,2,5,1,0,3,0,1,1,2,4,3,7,NA,1,1,NA,NA,NA,1,NA,NA,NA,NA,7,people's reactions to video and how their body reacts,NA,FALSE,FALSE,FALSE,FALSE,NA,NA,NA,NA,NA,NA,NA,NA,NA,NA,NA,NA
group_perf,22,1,1,1,Wears glasses,Likes playing video games,Dresses in flannel shirt and regular pants,Nice person,Confident,Humble,NA,NA,NA,NA,1,2,3,2,1,1,1,3,4,1,3,2,3,1,2,1,1,1,2,4,2,1,1,4,1,2,1,1,1,2,1,2,1,2,7,1,2,3,2,2,1,2,4,5,2,4,2,5,2,2,1,2,2,4,6,2,4,5,2,2,2,1,1,2,3,2,1,3,1,2,2,2,2,Repetitive at times,Boring at some parts,Unique,Powerful at some times,Hard to find a clear message,NA,NA,NA,NA,NA,4,1,1,1,1,1,1,1,6,1,2,1,2,5,5533412,18424,1,1,1,1,1,1,1,1,1,1,2,1,1,1,1,2,1,1,1,1,1,1,1,1,1,1,1,3,1,1,1,1,1,1,5,1,2,1,2,4,1,2,2,5,2,4,6,5,1,1,7,1,4,6,1,2,4,2,1,1,2,6377634,10004,NA,NA,0,0,NA,0,NA,2,1,1,5,2,1,2,2,2,1,1,2,3,2,2,1,2,6,1,5,1,1,1,1,1,3,1,1,2,1,1,1,1,1,2,2,2,1,1,1,1,5,5,2,5,5,6,2,2,2,2,2,3,5,2,2,7,6,5,6,2,2,4,4,2,2,-9,6,2,5,3,1,1,3,3,2,NA,1,NA,NA,NA,NA,1,NA,NA,NA,NA,4,I think the study investigated the audience's facial expressions based on different segments of the video shown and to determine how their facial expression could affect their heart rate in some way.,NA,FALSE,FALSE,FALSE,FALSE,1,1,NA,NA,NA,NA,NA,NA,NA,NA,NA,NA
group_film,52,1,1,1,clothing,mannerism,eye contact,gender,height,weight,hair,politics,faith,age,5,6,6,4,6,6,5,3,6,6,6,6,4,5,2,2,2,3,2,3,6,6,3,6,4,4,6,5,5,6,5,4,4,4,7,5,4,6,2,6,4,3,5,3,7,2,4,5,5,5,4,4,6,6,6,3,7,5,4,3,4,2,2,1,3,2,2,2,1,1,2,2,3,interesting,blue,artsy,long,repetition,academic,justice,factual,current,sad,7,5,1,5,6,1,3,4,4,5,5,5,6,7,6205184,12211,7,4,5,6,6,1,6,6,6,5,6,6,6,6,4,2,2,4,2,2,6,4,5,5,4,5,5,5,5,6,6,5,5,6,2,3,5,5,4,5,2,5,6,6,5,6,7,4,6,4,6,6,4,7,6,5,5,4,4,5,6,6749006,8360,NA,NA,1,0,NA,0,NA,2,4,3,4,5,3,2,5,5,2,3,6,2,2,1,4,6,2,3,5,3,1,4,5,2,2,5,5,5,1,2,2,1,3,3,2,4,3,1,1,2,2,5,7,7,2,7,4,5,3,5,5,5,5,3,3,7,6,5,7,1,5,1,4,1,4,6,7,2,4,3,3,5,5,5,6,NA,NA,NA,NA,1,NA,1,NA,NA,NA,NA,4,emotions from where looking at the movie maybe?,"this was interesting, i was not sure what to expect. best wishes in your research.",FALSE,FALSE,FALSE,FALSE,NA,NA,NA,NA,NA,NA,NA,NA,NA,NA,NA,NA
group_film,25,1,1,1,calm,cool,friendly,welcoming,nice,fun,smart,interesting,exciting,great,4,6,7,5,4,4,6,3,3,2,6,3,3,2,5,2,2,1,3,5,6,2,4,4,3,4,5,3,6,5,4,5,5,3,4,4,6,4,5,3,5,5,4,5,6,3,4,7,4,4,5,5,6,3,5,5,5,3,6,6,4,1,3,2,2,4,1,3,1,1,3,3,2,interesting,fun,information,music,listening,amazing,real,nice,okay,great,5,3,3,4,5,2,4,4,5,6,4,5,5,6,5993550,6400,4,4,6,4,5,3,3,5,4,4,3,5,4,3,4,3,2,2,4,5,2,5,4,3,5,4,5,3,4,3,4,3,5,5,5,3,5,4,2,4,3,4,5,3,3,4,4,5,5,5,4,4,4,3,4,5,4,4,3,5,5,6253631,4735,NA,NA,0,0,NA,0,NA,4,6,4,4,5,5,3,3,5,4,3,5,3,5,2,5,4,5,4,4,6,2,4,4,4,2,5,5,4,2,2,5,4,3,3,4,3,3,5,3,4,2,3,3,4,3,4,4,4,3,3,3,3,6,3,3,6,5,6,6,4,5,2,3,3,4,4,2,3,1,2,2,2,2,5,5,NA,NA,NA,NA,1,NA,1,NA,NA,NA,NA,3,I thought it was a well put out survey and i liked it.,great experience for this survey i Liked it alot.,FALSE,FALSE,FALSE,FALSE,NA,NA,NA,NA,NA,NA,NA,NA,NA,NA,NA,NA
group_film,27,1,1,1,friendly,calm and always smiling,walks her dog every evening,loves hosting,enjoys gardening,works out,respectful,kind,loves her truck,energetic,5,5,5,2,5,5,6,6,5,5,5,5,5,7,3,2,3,1,6,5,1,5,3,5,5,2,5,5,3,2,3,1,4,2,2,2,2,6,4,6,2,2,7,2,4,4,4,6,5,4,1,4,5,4,3,4,5,3,2,5,4,1,2,1,1,3,1,2,1,1,2,2,3,sad,unfair,injustice,difficult to watch,hard,disheartening,horrible,artistic,talent,solidarity,6,6,3,6,6,6,5,6,5,6,6,6,6,6,6210537,13009,7,7,7,7,7,7,7,7,7,7,7,7,7,7,6,6,6,6,6,6,6,6,6,6,6,6,6,6,6,6,6,6,6,6,2,6,6,6,4,6,6,6,6,6,4,6,6,7,6,6,6,6,6,3,6,6,6,6,5,6,6,6544652,12632,NA,NA,0,0,NA,0,NA,1,4,4,1,4,6,6,6,6,1,4,6,4,6,5,6,6,1,2,1,6,1,5,3,3,2,6,5,5,1,6,1,2,6,1,2,6,3,4,5,1,2,6,6,6,6,6,6,6,6,6,6,6,6,6,3,7,7,7,7,5,5,5,5,5,5,6,4,7,7,3,2,1,7,-9,7,NA,1,NA,NA,NA,NA,1,NA,NA,NA,NA,6,eye movement,NA,FALSE,FALSE,FALSE,FALSE,NA,NA,NA,NA,NA,NA,NA,NA,NA,NA,NA,NA
group_perf,57,1,1,1,thin,tall,kind,compassionate,religious,bossy,bubblly,responsible,ethical,bullyy,2,3,6,5,3,2,2,3,5,4,3,2,6,3,3,2,2,5,4,3,5,2,5,2,2,4,2,5,5,2,2,6,2,6,6,2,3,3,4,5,3,2,2,3,5,4,5,5,2,2,2,3,5,1,2,3,2,5,2,2,2,1,2,1,3,3,1,3,3,3,2,1,2,sad,injustice,coerced,blamed,innocnet,death,save,iuinfair,racism,wrong,6,7,4,7,7,5,7,7,4,5,6,7,5,5,6440688,15765,5,4,4,6,4,NA,4,5,5,5,6,5,4,4,4,4,4,4,4,4,4,5,5,4,3,6,4,4,5,5,6,5,6,6,1,7,5,7,1,7,1,7,7,7,2,7,7,7,6,5,7,6,2,3,7,6,6,7,5,6,6,7057779,13908,NA,NA,1,0,NA,0,NA,7,7,4,1,5,7,7,4,5,1,1,7,7,7,7,7,7,1,1,1,7,3,7,5,1,7,7,7,1,5,6,6,3,7,1,7,7,7,1,5,1,1,7,7,7,7,7,4,7,6,7,6,5,7,5,3,7,7,7,7,3,3,3,2,2,4,8,2,1,2,1,1,1,6,2,4,NA,NA,NA,NA,NA,1,NA,NA,1,NA,NA,4,wrongful convictions,I t worried me asi am in indinenous person,FALSE,FALSE,FALSE,FALSE,NA,NA,NA,NA,NA,1,1,1,1,1,1,1
group_film,26,1,1,1,Calm,observant,caring,talkative,reserved,watchful,respectful,joyful,responsible,soothing,7,7,7,7,7,7,6,7,6,7,7,7,7,7,7,5,6,6,6,7,7,6,7,7,6,6,7,7,6,7,7,7,6,6,6,5,6,7,6,6,6,5,5,7,6,5,6,5,6,6,5,6,5,5,5,7,6,7,5,6,6,4,4,1,4,4,1,2,1,1,4,4,4,Interesting,Engaging,Educational,Easy,Concise,Considerate,Timely,Adventorous,Historical,Fun,7,7,6,7,7,7,7,6,4,7,7,7,6,7,NA,NA,6,6,6,7,7,7,7,7,6,7,6,7,7,6,7,7,7,7,6,7,7,5,3,7,7,5,7,6,5,7,6,7,6,6,7,7,6,6,7,7,6,7,7,7,6,6,7,6,6,7,5,7,6,5,6,5,6,7,6,6,7,NA,NA,NA,NA,1,NA,TRUE,NA,TRUE,7,7,5,7,7,7,7,7,7,7,7,7,6,7,7,7,7,2,7,7,7,5,6,7,6,5,6,7,6,5,6,6,7,6,6,7,6,5,6,5,6,6,6,6,7,7,6,6,7,7,6,7,7,6,6,2,7,6,6,6,2,2,2,5,2,1,5,4,2,3,2,4,6,5,6,5,1,NA,NA,NA,NA,NA,NA,NA,NA,1,NA,1,"The study investigated personal judgement on several matters, regarding unfair circumstances people have passed through.",The study was very interesting and engaging,FALSE,FALSE,NA,NA,NA,NA,NA,NA,NA,NA,NA,NA,NA,NA,NA,NA
group_film,34,1,1,1,Bald,Medium Height,Muscular,Awkward,Indulges in gossip,Bylaw officer,"""Normy""",Kind,Average,White,3,4,4,3,2,3,2,4,5,2,4,3,3,4,3,1,1,2,1,2,3,2,2,3,3,2,3,3,3,2,2,4,3,2,6,5,5,7,3,7,6,5,6,2,6,6,4,6,6,6,3,6,6,7,5,7,5,7,6,6,6,3,3,3,2,2,2,4,3,3,1,1,1,Frustrating,Delayed,Confusing,Interesting,Too short lived,NA,NA,NA,NA,NA,2,1,1,1,1,1,2,1,2,1,1,1,1,1,6012155,3830,2,3,2,3,3,3,2,4,4,4,2,2,2,3,3,2,2,2,1,1,2,3,3,4,3,3,3,3,3,3,4,3,3,3,1,3,6,6,6,6,5,6,6,6,6,6,6,6,6,6,6,6,6,6,6,6,6,6,4,6,5,6329382,5549,NA,NA,0,0,NA,0,NA,1,3,1,1,1,1,5,3,3,1,1,1,7,1,1,3,2,6,1,1,1,5,3,1,1,6,1,1,1,1,3,1,1,4,1,1,3,1,4,1,1,3,1,1,1,1,1,1,1,1,1,1,1,1,1,2,2,3,3,4,1,5,1,4,1,4,8,1,2,5,2,3,1,2,5,5,1,NA,NA,1,NA,NA,NA,NA,1,NA,NA,7,"honestly, i am not sure because i had some technical issues with the study where the video did not start for 40 mins and then got cut off only 10-20 mins in. i was very unsure if it was working or not. if my experience was not normal then i believe it was about how we perceive those who are wrongly convicted and how we feel before and after the film. if this was the experience expected it was probably about if frustration impacts empathy?",i hope that my submission was at all helpful even with the technical issues. i would be more than happy to watch the film in full as i am actually interested in this subject.,FALSE,FALSE,FALSE,FALSE,NA,1,NA,NA,NA,NA,NA,NA,NA,NA,NA,NA
group_film,25,1,1,1,Short,Loud,music,righteous,friendly,Alternative,NA,NA,NA,NA,7,6,7,6,5,6,6,6,7,4,6,7,7,5,2,1,1,1,2,5,5,6,3,6,6,3,6,6,2,6,2,3,5,3,5,4,6,6,6,7,2,3,7,5,4,1,2,2,2,3,1,2,5,6,1,7,6,6,5,3,3,2,3,1,2,3,1,4,3,2,2,2,2,Boring,Brash,Amateur,discordant,Relaxed,NA,NA,NA,NA,NA,5,1,1,1,1,1,1,3,7,2,1,1,5,1,5980182,7098,6,5,4,5,4,7,6,6,6,5,6,5,5,4,2,1,1,1,2,5,3,3,5,4,4,2,5,4,3,3,5,4,4,5,6,5,4,4,2,2,5,3,6,6,2,7,5,7,5,2,7,3,2,1,3,2,5,5,1,5,6,6451455,6161,NA,NA,0,0,NA,0,NA,1,2,1,2,1,1,3,1,2,2,1,1,5,1,7,1,2,7,1,1,1,2,2,1,2,4,1,1,1,1,2,1,1,4,2,1,4,1,6,1,1,4,5,1,3,1,2,1,2,1,2,2,1,1,3,1,7,7,6,4,3,5,2,2,2,4,0,0,2,3,2,3,7,5,-9,2,1,NA,NA,1,NA,NA,NA,NA,1,1,NA,4,Reactions to jarring stimulus,Even though my audio was okay playing the test sound I had to adjust it a few times throughout the event due to sudden increases in volume.,FALSE,FALSE,FALSE,FALSE,1,1,NA,NA,NA,NA,NA,NA,NA,NA,NA,NA
group_perf,55,1,1,1,Slightly overweight,Friendly,Talkative,Religious,Family oriented,Hardworking,Pleasant,Attractive,Good listener,Reliable,5,7,6,7,5,6,5,6,7,5,6,7,6,7,4,1,1,1,2,2,6,7,6,7,5,7,7,7,7,6,6,5,5,7,6,5,5,6,4,5,4,5,5,1,7,4,2,4,6,5,4,3,4,5,4,5,3,5,3,5,4,1,4,1,4,4,1,1,1,1,4,4,3,Illuminating,Tragic,Sad,Depressing,Frightening,Despondent,Sympathetic,Hopeful,Awareness,Reform,6,7,2,5,7,4,5,7,5,6,6,6,6,6,5452318,6395,7,7,7,7,7,7,7,7,7,7,7,7,7,7,5,4,4,5,4,4,7,7,7,7,7,7,7,7,7,7,7,7,7,7,6,6,6,6,6,6,6,7,6,6,6,6,6,6,6,6,6,6,6,6,6,6,6,6,6,6,6,5757832,5667,NA,NA,0,0,TRUE,NA,NA,2,5,3,5,5,3,7,6,4,3,5,7,3,7,5,7,5,1,6,4,7,4,7,5,1,3,6,6,5,5,1,3,4,7,1,5,5,6,1,6,1,1,5,4,6,4,5,4,7,7,6,7,6,7,7,5,7,7,7,7,1,5,1,5,1,5,2,7,7,7,3,6,7,7,4,5,NA,NA,NA,NA,1,NA,1,NA,NA,NA,NA,2,Attention and awareness to the issue of wrongful imprisonment.,NA,FALSE,FALSE,FALSE,FALSE,NA,NA,NA,NA,NA,NA,NA,NA,NA,NA,NA,NA
group_film,22,1,1,1,Kind,Around my age,Talkative,Stylish,Logical,Straightforward,Generous,Likes gaming,Likes music,Likes computers,7,7,3,7,4,6,1,4,6,4,4,6,4,7,4,1,1,1,4,3,4,7,3,7,7,3,7,4,6,3,3,7,3,2,6,4,5,6,5,7,2,6,7,4,4,6,4,7,5,2,4,4,5,5,2,2,4,4,3,5,4,2,3,3,3,1,2,2,3,2,2,3,3,Powerful,Impactful,Enlightening,Disappointing (justice system),Hypnotizing,Overwhelming,Dramatic,Moving,Inspiring,Motivating,7,6,4,7,7,7,7,7,4,3,4,7,6,5,6266938,10994,3,4,6,3,5,7,3,1,6,4,6,6,3,6,5,2,3,2,1,1,7,1,1,7,4,1,7,7,1,7,4,6,6,1,1,6,5,6,4,7,5,5,7,7,1,7,7,7,5,5,7,5,4,3,6,7,7,5,5,4,4,6897274,7313,NA,NA,1,NA,TRUE,NA,TRUE,7,6,4,2,6,7,3,7,7,6,7,6,2,6,1,6,6,1,6,1,6,1,7,4,7,2,6,4,7,2,4,4,7,5,3,7,5,6,1,3,4,1,4,5,4,7,7,4,1,1,1,4,3,1,1,2,7,7,7,7,1,5,1,4,1,5,-9,0,0,5,1,2,3,7,2,5,1,1,NA,NA,NA,NA,NA,NA,1,NA,NA,5,How our views can differ based on the event experience.,NA,FALSE,FALSE,FALSE,FALSE,NA,NA,NA,NA,NA,NA,NA,NA,NA,NA,NA,NA
group_film,29,1,1,1,friendly,warm,kind,transparent,nice,bubbly,acceptable,open minded,caring,confident,6,7,6,6,6,6,5,6,6,5,6,5,6,6,5,5,5,6,5,5,6,7,6,7,6,5,7,7,6,6,6,6,7,7,6,6,7,7,6,7,6,6,7,6,2,5,7,6,6,6,7,6,7,6,4,7,6,6,5,6,6,1,3,3,3,3,1,1,2,2,3,4,4,groundbreaking,sympathy,empathy,injustice,unfair,sadness,biased,prejudice,help,awareness,6,7,6,7,7,6,7,7,5,7,7,7,6,7,6058924,6699,7,6,6,5,6,7,6,7,6,6,7,6,6,6,6,6,6,6,6,7,7,6,6,7,6,6,7,7,6,7,6,7,6,6,5,7,7,7,7,7,7,7,7,7,7,7,6,7,7,7,7,7,7,5,7,7,7,7,7,7,7,6371055,6497,NA,NA,-9,NA,TRUE,NA,TRUE,6,7,7,7,7,7,6,6,7,6,5,7,7,7,6,7,7,2,7,3,7,5,7,7,2,2,7,7,6,5,6,7,5,7,2,4,7,7,2,7,2,2,7,7,7,7,7,6,7,7,7,7,7,7,6,3,7,6,6,6,2,5,2,5,2,5,12,5,6,7,2,2,4,7,6,6,NA,1,NA,NA,NA,NA,1,NA,NA,NA,NA,5,innocent people inprisoned for crimes they didn't commit,NA,FALSE,FALSE,FALSE,FALSE,NA,NA,NA,NA,NA,NA,NA,NA,NA,NA,NA,NA
group_film,32,1,1,1,Tall,Brand Name Clothes,Smokes Marijuana,Naive,Hardworker,Smoker,Cat Lover,Loyalty,Partier,Early 30s,1,7,1,1,1,7,4,2,4,7,4,4,4,7,1,1,1,1,2,2,4,2,7,7,7,4,7,7,4,1,1,1,7,4,7,7,7,7,3,7,5,1,7,1,7,3,4,5,7,5,3,3,5,7,7,7,7,7,7,7,4,4,3,1,4,2,2,3,3,2,1,2,2,Fascinating,Moving,Heartbreaking,Powerful,Upsetting,Angering,Morose,Frustrating,Hard,Thought provoking,7,7,2,7,7,5,7,7,4,7,7,7,5,7,6092222,8943,7,5,7,5,7,7,5,5,7,1,7,7,7,7,2,2,2,4,3,3,7,5,7,7,3,7,7,7,3,7,1,7,5,1,1,5,3,7,1,5,1,7,7,7,5,7,7,7,7,3,7,7,3,7,7,7,7,5,3,7,7,6635865,2862,NA,NA,1,0,NA,0,NA,1,6,5,1,7,6,7,5,7,2,6,7,7,7,2,7,7,1,5,1,7,1,7,5,5,1,7,7,7,1,5,5,5,7,2,7,7,5,1,5,1,1,5,4,7,7,7,5,7,5,6,7,7,7,3,1,7,7,7,7,1,4,1,4,1,4,1,0,0,2,2,2,3,7,3,4,1,NA,NA,1,NA,NA,1,NA,NA,NA,NA,7,Emotional response through facial expression and eye movement.,"This was beautiful, and I am going to learn more about this project.",FALSE,FALSE,FALSE,FALSE,NA,NA,NA,NA,NA,NA,NA,NA,NA,NA,NA,NA
group_perf,52,1,1,1,female,brown hair,glasses,white skin,kind voice,minimal hand gestures,conservative dresser,slim,tall,doesnt wear jewelery,5,5,5,5,4,4,5,5,5,4,5,5,4,4,3,1,1,1,1,1,6,6,5,5,4,5,4,4,5,5,5,5,4,6,5,4,4,4,3,4,4,3,4,4,4,4,5,4,4,4,4,4,4,5,5,3,4,5,4,4,4,2,2,2,2,2,2,4,2,3,2,2,2,long,musical,intense,provocative,different,sad,maddening,unfortunate,unbelievable,visual,5,3,1,2,2,1,1,3,7,4,4,5,5,4,5319528,10887,4,4,3,4,4,4,4,4,4,4,4,4,4,4,3,2,2,1,1,1,2,3,2,2,2,3,3,2,3,2,2,2,2,2,4,2,5,2,4,4,2,2,2,4,1,5,3,4,2,3,5,2,1,5,4,2,4,2,4,2,4,5950232,7523,NA,NA,0,0,NA,0,NA,3,4,2,2,3,3,3,2,3,3,2,3,3,3,3,3,2,3,3,1,4,2,3,2,2,3,3,2,2,1,2,1,2,3,1,3,3,2,2,1,2,4,5,4,4,2,5,3,2,5,4,5,5,4,2,3,6,6,5,4,4,4,2,3,3,4,12,3,2,2,3,2,2,3,6,6,1,1,NA,NA,NA,NA,1,NA,NA,NA,NA,4,"The grammar of this question is confusing ""What do you think did we investigate in this study?""
I thought you investigated people's reactions to wrongful convictions.",How long is the average adults attention span? Maybe make the presentation in and around that time so that participants don't fade and you get the data you are looking for.,FALSE,FALSE,FALSE,FALSE,NA,NA,NA,NA,NA,NA,NA,NA,NA,NA,NA,NA
group_film,21,1,1,1,Short,Black hair,Middle aged,Outgoing,Kind,Helpful,Healthy,Active,Forgetful,Enjoys movies,2,7,4,1,1,4,4,6,5,2,2,4,3,6,3,1,1,1,1,2,3,3,1,6,1,1,4,4,3,1,1,2,2,1,5,4,3,4,1,6,5,5,6,2,2,5,6,6,3,3,2,3,3,5,4,4,6,7,4,4,2,1,1,3,3,2,2,2,2,2,1,2,2,Loud,Rhythmic,Interesting,Unique,Repetitive,Creative,NA,NA,NA,NA,4,2,2,2,4,2,2,2,5,5,4,5,2,5,5943070,6866,3,1,3,2,5,2,2,4,6,1,7,1,3,2,3,1,1,1,1,2,5,2,2,5,2,2,3,7,1,2,1,1,3,2,2,4,5,4,5,7,6,5,4,4,5,7,5,6,4,2,6,4,5,5,4,5,5,6,2,4,5,6417831,6048,NA,NA,0,0,NA,0,NA,3,2,1,1,4,2,2,3,2,2,2,3,1,4,1,4,3,3,1,2,2,1,4,1,2,1,3,4,4,2,1,2,2,2,2,6,1,2,1,2,2,2,5,5,6,5,6,3,2,3,2,2,2,4,5,2,7,7,6,7,4,4,4,5,4,4,-9,5,3,7,3,3,4,5,3,2,NA,1,NA,1,NA,NA,NA,NA,1,NA,NA,6,"The effect this documentary had on people's opinions and knowledge of wrongful convictions and the surrounding laws. Specifically, how did this musical documentary, with abstract presentations and sounds affect people.","No comments, although I will say I did look down for the time infrequently, I hope that doesn't render the data unusable.",FALSE,FALSE,FALSE,FALSE,NA,1,NA,NA,NA,NA,NA,NA,NA,NA,NA,NA
